{"open": true, "url": "http://www.yelp.com/biz/cafe-3-berkeley", "longitude": -122.260408, "neighborhoods": ["Telegraph Ave", "UC Campus Area"], "business_id": "gclB3ED6uk6viWlolSb_uA", "name": "Cafe 3", "categories": ["Cafes", "Restaurants"], "state": "CA", "type": "business", "stars": 2.0, "city": "Berkeley", "full_address": "2400 Durant Ave\nTelegraph Ave\nBerkeley, CA 94701", "review_count": 9, "photo_url": "http://s3-media1.ak.yelpcdn.com/bphoto/AaHq1UzXiT6zDBUYrJ2NKA/ms.jpg", "schools": ["University of California at Berkeley"], "latitude": 37.867417, "price": 1}
{"open": true, "url": "http://www.yelp.com/biz/jasmine-thai-berkeley", "longitude": -122.2602981, "neighborhoods": ["UC Campus Area"], "business_id": "BJKIoQa5N2T_oDlLVf467Q", "name": "Jasmine Thai", "categories": ["Thai", "Restaurants"], "state": "CA", "type": "business", "stars": 3.0, "city": "Berkeley", "full_address": "1805 Euclid Ave\nUC Campus Area\nBerkeley, CA 94709", "review_count": 52, "photo_url": "http://s3-media2.ak.yelpcdn.com/bphoto/ZwTUUb-6jkuzMDBBsUV6Eg/ms.jpg", "schools": ["University of California at Berkeley"], "latitude": 37.8759615, "price": 2}
{"open": true, "url": "http://www.yelp.com/biz/fondue-fred-berkeley", "longitude": -122.25894, "neighborhoods": ["UC Campus Area"], "business_id": "h_we4E3zofRTf4G0JTEF0A", "name": "Fondue Fred", "categories": ["Fondue", "Restaurants"], "state": "CA", "type": "business", "stars": 3.0, "city": "Berkeley", "full_address": "2556 Telegraph Ave\nUC Campus Area\nBerkeley, CA 94704", "review_count": 172, "photo_url": "http://s3-media1.ak.yelpcdn.com/bphoto/07PJUIzisU--faHrNi3vTw/ms.jpg", "schools": ["University of California at Berkeley"], "latitude": 37.863919, "price": 3}
{"open": true, "url": "http://www.yelp.com/biz/peppermint-grill-berkeley", "longitude": -122.2598181, "neighborhoods": ["UC Campus Area"], "business_id": "FWadSZw0G7HsgKXq7gHTnw", "name": "Peppermint Grill", "categories": ["American (Traditional)", "Restaurants"], "state": "CA", "type": "business", "stars": 2.5, "city": "Berkeley", "full_address": "2505 Hearst Ave\nSte B\nUC Campus Area\nBerkeley, CA 94709", "review_count": 16, "photo_url": "http://s3-media1.ak.yelpcdn.com/assets/2/www/img/924a6444ca6c/gfx/blank_biz_medium.gif", "schools": ["University of California at Berkeley"], "latitude": 37.8751965, "price": 2}
{"open": true, "url": "http://www.yelp.com/biz/viengvilay-thai-cuisine-berkeley", "longitude": -122.2600721, "neighborhoods": ["UC Campus Area"], "business_id": "gOp_w9qmLq6B8YRypTPp8g", "name": "Viengvilay Thai Cuisine", "categories": ["Thai", "Restaurants"], "state": "CA", "type": "business", "stars": 2.5, "city": "Berkeley", "full_address": "2505 Hearst Ave\nSte G\nUC Campus Area\nBerkeley, CA 94709", "review_count": 8, "photo_url": "http://s3-media1.ak.yelpcdn.com/assets/2/www/img/924a6444ca6c/gfx/blank_biz_medium.gif", "schools": ["University of California at Berkeley"], "latitude": 37.8751579, "price": 2}
{"open": true, "url": "http://www.yelp.com/biz/happy-valley-berkeley", "longitude": -122.2584562, "neighborhoods": ["Telegraph Ave", "UC Campus Area"], "business_id": "ERRowW4pGO6pK9sVYyA1nQ", "name": "Happy Valley", "categories": ["Chinese", "Restaurants"], "state": "CA", "type": "business", "stars": 4.0, "city": "Berkeley", "full_address": "2502 Telegraph Ave\nTelegraph Ave\nBerkeley, CA 94704", "review_count": 67, "photo_url": "http://s3-media4.ak.yelpcdn.com/bphoto/AsdudePLe4plnylNFjJkEA/ms.jpg", "schools": ["University of California at Berkeley"], "latitude": 37.8650499, "price": 2}
{"open": true, "url": "http://www.yelp.com/biz/panchos-berkeley", "longitude": -122.2579783, "neighborhoods": ["Telegraph Ave", "UC Campus Area"], "business_id": "7x0i0seshwLXBVAam16wuw", "name": "Pancho's", "categories": ["Food", "Mexican", "Restaurants"], "state": "CA", "type": "business", "stars": 3.0, "city": "Berkeley", "full_address": "2521 Durant Ave\nSte B\nTelegraph Ave\nBerkeley, CA 94704", "review_count": 72, "photo_url": "http://s3-media2.ak.yelpcdn.com/bphoto/99A1-1AKURB1vyUOlYiEVQ/ms.jpg", "schools": ["University of California at Berkeley"], "latitude": 37.8680781, "price": 2}
{"open": true, "url": "http://www.yelp.com/biz/peking-express-berkeley", "longitude": -122.2581978, "neighborhoods": ["Telegraph Ave", "UC Campus Area"], "business_id": "1E2MQLWfwpsId185Fs2gWw", "name": "Peking Express", "categories": ["Chinese", "Restaurants"], "state": "CA", "type": "business", "stars": 3.5, "city": "Berkeley", "full_address": "2516 Durant Ave\nTelegraph Ave\nBerkeley, CA 94704", "review_count": 10, "photo_url": "http://s3-media1.ak.yelpcdn.com/bphoto/BPMBr2aiOEpVioLb-RurJQ/ms.jpg", "schools": ["University of California at Berkeley"], "latitude": 37.867768, "price": 1}
{"open": true, "url": "http://www.yelp.com/biz/pho-k-and-k-berkeley", "longitude": -122.2582558, "neighborhoods": ["Telegraph Ave", "UC Campus Area"], "business_id": "fcdjnsgO8Z5LthXUx3y-lA", "name": "Pho K & K", "categories": ["Restaurants", "Vietnamese"], "state": "CA", "type": "business", "stars": 3.5, "city": "Berkeley", "full_address": "2533 Telegraph Ave\nTelegraph Ave\nBerkeley, CA 94704", "review_count": 111, "photo_url": "http://s3-media3.ak.yelpcdn.com/bphoto/-2BZ6mS1s-3DM5i3-Wl-ow/ms.jpg", "schools": ["University of California at Berkeley"], "latitude": 37.8644503, "price": 2}
{"open": true, "url": "http://www.yelp.com/biz/momo-masala-berkeley", "longitude": -122.2598181, "neighborhoods": ["UC Campus Area"], "business_id": "loBOs5ruFXSNL-ZM29cTrA", "name": "Momo Masala", "categories": ["Indian", "Asian Fusion", "Restaurants"], "state": "CA", "type": "business", "stars": 4.0, "city": "Berkeley", "full_address": "2505 Hearst Ave\nSte B\nUC Campus Area\nBerkeley, CA 94709", "review_count": 4, "photo_url": "http://s3-media1.ak.yelpcdn.com/bphoto/s-a9v8324SgJHPEpccWAwQ/ms.jpg", "schools": ["University of California at Berkeley"], "latitude": 37.8751965, "price": 2}
{"open": true, "url": "http://www.yelp.com/biz/la-cascada-taqueria-berkeley", "longitude": -122.2663047, "neighborhoods": ["Downtown Berkeley", "UC Campus Area"], "business_id": "WXKx2I2SEzBpeUGtDMCS8A", "name": "La Cascada Taqueria", "categories": ["Mexican", "Restaurants"], "state": "CA", "type": "business", "stars": 3.0, "city": "Berkeley", "full_address": "2164 Center St\nDowntown Berkeley\nBerkeley, CA 94704", "review_count": 101, "photo_url": "http://s3-media3.ak.yelpcdn.com/bphoto/-Nwor_L01Lsm6Mcf36-QCA/ms.jpg", "schools": ["University of California at Berkeley"], "latitude": 37.8705337, "price": 2}
{"open": true, "url": "http://www.yelp.com/biz/free-speech-movement-cafe-berkeley", "longitude": -122.260690033436, "neighborhoods": ["UC Campus Area"], "business_id": "DO1Ukiuia9hs33VTnTY_Jg", "name": "Free Speech Movement Cafe", "categories": ["Food", "Coffee & Tea", "Sandwiches", "Restaurants"], "state": "CA", "type": "business", "stars": 3.5, "city": "Berkeley", "full_address": "Moffitt Undergraduate Library\nUC Berkeley Campus Center\nWickson Rd\nUC Campus Area\nBerkeley, CA 94701", "review_count": 143, "photo_url": "http://s3-media3.ak.yelpcdn.com/bphoto/lzCPDwTtxB92hVnSjBbr9Q/ms.jpg", "schools": ["University of California at Berkeley"], "latitude": 37.8724079738015, "price": 1}
{"open": true, "url": "http://www.yelp.com/biz/sun-hong-kong-restaurant-berkeley", "longitude": -122.2595134, "neighborhoods": ["Telegraph Ave", "UC Campus Area"], "business_id": "8Xq5VtwYjayKlxEY2PipQA", "name": "Sun Hong Kong Restaurant", "categories": ["Chinese", "Restaurants"], "state": "CA", "type": "business", "stars": 3.0, "city": "Berkeley", "full_address": "2439 Durant Ave\nTelegraph Ave\nBerkeley, CA 94704", "review_count": 140, "photo_url": "http://s3-media3.ak.yelpcdn.com/bphoto/9Cq_YlvoSN1FxY6DZeLYhA/ms.jpg", "schools": ["University of California at Berkeley"], "latitude": 37.86788, "price": 2}
{"open": true, "url": "http://www.yelp.com/biz/tivoli-caffe-berkeley", "longitude": -122.2578299, "neighborhoods": ["Telegraph Ave", "UC Campus Area"], "business_id": "yNW1FXy0mSMBipgCA6Pmhg", "name": "Tivoli Caffe", "categories": ["Cafes", "Restaurants"], "state": "CA", "type": "business", "stars": 4.5, "city": "Berkeley", "full_address": "2554 Bancroft Way\nTelegraph Ave\nBerkeley, CA 94704", "review_count": 28, "photo_url": "http://s3-media1.ak.yelpcdn.com/bphoto/Hh_Ft5TgDfjEPbxoprJ8LQ/ms.jpg", "schools": ["University of California at Berkeley"], "latitude": 37.8688691, "price": 2}
{"open": true, "url": "http://www.yelp.com/biz/henrys-berkeley", "longitude": -122.256618440151, "neighborhoods": ["Telegraph Ave", "UC Campus Area"], "business_id": "XD5ybqI0BHcTj5cLQyIPLA", "name": "Henry's", "categories": ["Bars", "American (New)", "American (Traditional)", "Nightlife", "Restaurants"], "state": "CA", "type": "business", "stars": 3.5, "city": "Berkeley", "full_address": "Hotel Durant\n2600 Durant Ave\nTelegraph Ave\nBerkeley, CA 94704", "review_count": 186, "photo_url": "http://s3-media3.ak.yelpcdn.com/bphoto/2nF-UqvqGs92JPoUrIznmg/ms.jpg", "schools": ["University of California at Berkeley"], "latitude": 37.8680398922584, "price": 4}
{"open": true, "url": "http://www.yelp.com/biz/alborz-berkeley", "longitude": -122.266645, "neighborhoods": ["Downtown Berkeley", "UC Campus Area"], "business_id": "HXni0_SFPT1jAoH-Sm78Jg", "name": "Alborz", "categories": ["Persian/Iranian", "Restaurants"], "state": "CA", "type": "business", "stars": 3.5, "city": "Berkeley", "full_address": "2142 Center St\nDowntown Berkeley\nBerkeley, CA 94704", "review_count": 172, "photo_url": "http://s3-media2.ak.yelpcdn.com/bphoto/YOmjJWRKPMmgv4ctkNkBoA/ms.jpg", "schools": ["University of California at Berkeley"], "latitude": 37.8701999, "price": 4}
{"open": true, "url": "http://www.yelp.com/biz/the-coffee-lab-berkeley-2", "longitude": -122.255591154098, "neighborhoods": ["UC Campus Area"], "business_id": "8leHSCn0DCa1ilxfbHuCQA", "name": "The Coffee Lab", "categories": ["Food", "Coffee & Tea", "Cafes", "Restaurants"], "state": "CA", "type": "business", "stars": 4.0, "city": "Berkeley", "full_address": "Hildebrand Hall\nUC Campus Area\nBerkeley, CA 94720", "review_count": 12, "photo_url": "http://s3-media2.ak.yelpcdn.com/bphoto/WtJT52wSvRU5CqtsL5ajUA/ms.jpg", "schools": ["University of California at Berkeley"], "latitude": 37.8727784971583, "price": 1}
{"open": true, "url": "http://www.yelp.com/biz/pasta-bene-berkeley", "longitude": -122.2585639, "neighborhoods": ["UC Campus Area"], "business_id": "QQIjsdcokFermi2ugoD6ow", "name": "Pasta Bene", "categories": ["Italian", "Restaurants"], "state": "CA", "type": "business", "stars": 4.0, "city": "Berkeley", "full_address": "2565 Telegraph Ave\nUC Campus Area\nBerkeley, CA 94704", "review_count": 283, "photo_url": "http://s3-media3.ak.yelpcdn.com/bphoto/6CMjvONYO6i5-axxbbwhGg/ms.jpg", "schools": ["University of California at Berkeley"], "latitude": 37.8639919, "price": 2}
{"open": true, "url": "http://www.yelp.com/biz/gomnaru-restaurant-berkeley", "longitude": -122.2598373, "neighborhoods": ["UC Campus Area"], "business_id": "4D7IdtyRjH8qxcsHaz1-GA", "name": "Gomnaru Restaurant", "categories": ["Korean", "Restaurants"], "state": "CA", "type": "business", "stars": 3.5, "city": "Berkeley", "full_address": "2505 Hearst Ave\nSte D\nUC Campus Area\nBerkeley, CA 94709", "review_count": 93, "photo_url": "http://s3-media1.ak.yelpcdn.com/bphoto/EjNgPJZUomnB5XlIUoYSFg/ms.jpg", "schools": ["University of California at Berkeley"], "latitude": 37.87524, "price": 2}
{"open": true, "url": "http://www.yelp.com/biz/crepes-a-go-go-berkeley-3", "longitude": -122.2591694, "neighborhoods": ["Telegraph Ave", "UC Campus Area"], "business_id": "ZMqhKMjtdqVZLw11ja3ANg", "name": "Crepes A-Go Go", "categories": ["Creperies", "Restaurants"], "state": "CA", "type": "business", "stars": 4.0, "city": "Berkeley", "full_address": "2334 Telegraph Ave\nTelegraph Ave\nBerkeley, CA 94704", "review_count": 158, "photo_url": "http://s3-media3.ak.yelpcdn.com/bphoto/HjAUFQwPfkUXB6IYssCSag/ms.jpg", "schools": ["University of California at Berkeley"], "latitude": 37.8679211, "price": 1}
{"open": true, "url": "http://www.yelp.com/biz/taqueria-reyes-berkeley", "longitude": -122.2596091, "neighborhoods": ["UC Campus Area"], "business_id": "ipgnAjJ5TUBWGmGxxzoiGQ", "name": "Taqueria Reyes", "categories": ["Mexican", "Restaurants"], "state": "CA", "type": "business", "stars": 3.5, "city": "Berkeley", "full_address": "2475 Bancroft Way\nUC Campus Area\nBerkeley, CA 94704", "review_count": 3, "photo_url": "http://s3-media1.ak.yelpcdn.com/assets/2/www/img/924a6444ca6c/gfx/blank_biz_medium.gif", "schools": ["University of California at Berkeley"], "latitude": 37.8690986, "price": 2}
{"open": true, "url": "http://www.yelp.com/biz/t-toust-berkeley", "longitude": -122.2598048, "neighborhoods": ["Telegraph Ave", "UC Campus Area"], "business_id": "22yTwTUyMBY3SFu_Hj4NOQ", "name": "T-Toust", "categories": ["Korean", "Restaurants"], "state": "CA", "type": "business", "stars": 3.0, "city": "Berkeley", "full_address": "2433 Durant Ave\nSte F\nTelegraph Ave\nBerkeley, CA 94704", "review_count": 126, "photo_url": "http://s3-media4.ak.yelpcdn.com/bphoto/Q38UG55f5YpPVD31C40HQg/ms.jpg", "schools": ["University of California at Berkeley"], "latitude": 37.8678782, "price": 2}
{"open": true, "url": "http://www.yelp.com/biz/durant-square-asian-ghetto-berkeley", "longitude": -122.2579783, "neighborhoods": ["Telegraph Ave", "UC Campus Area"], "business_id": "plRUSuB_uY_dEgcMqeZMYA", "name": "Durant Square - Asian Ghetto", "categories": ["Asian Fusion", "Restaurants"], "state": "CA", "type": "business", "stars": 4.0, "city": "Berkeley", "full_address": "2519-2521 Durant Ave\nTelegraph Ave\nBerkeley, CA 94704", "review_count": 62, "photo_url": "http://s3-media4.ak.yelpcdn.com/bphoto/9r3CH_iE1erlsqJg35bMHA/ms.jpg", "schools": ["University of California at Berkeley"], "latitude": 37.8680781, "price": 1}
{"open": true, "url": "http://www.yelp.com/biz/chianglai-berkeley", "longitude": -122.2598181, "neighborhoods": ["UC Campus Area"], "business_id": "XXr7s62ZXeMT10GuxsVeyA", "name": "ChiangLai", "categories": ["Thai", "Restaurants"], "state": "CA", "type": "business", "stars": 3.0, "city": "Berkeley", "full_address": "2505 Hearst Ave\nUC Campus Area\nBerkeley, CA 94701", "review_count": 19, "photo_url": "http://s3-media3.ak.yelpcdn.com/bphoto/9fnX3IDOYN_ApzBZg3u0UA/ms.jpg", "schools": ["University of California at Berkeley"], "latitude": 37.8751965, "price": 2}
{"open": true, "url": "http://www.yelp.com/biz/cheese-n-stuff-berkeley", "longitude": -122.2595445, "neighborhoods": ["Telegraph Ave", "UC Campus Area"], "business_id": "o0KC5k-7fXH8LHf75Icfuw", "name": "Cheese 'N' Stuff", "categories": ["Delis", "Sandwiches", "Restaurants"], "state": "CA", "type": "business", "stars": 4.0, "city": "Berkeley", "full_address": "2442 Durant Ave\nTelegraph Ave\nBerkeley, CA 94704", "review_count": 161, "photo_url": "http://s3-media2.ak.yelpcdn.com/bphoto/nw7klTdCtY0cuDCf7hYScw/ms.jpg", "schools": ["University of California at Berkeley"], "latitude": 37.8677205, "price": 1}
{"open": true, "url": "http://www.yelp.com/biz/peets-coffee-and-tea-berkeley-14", "longitude": -122.2561597, "neighborhoods": ["Telegraph Ave", "UC Campus Area"], "business_id": "u6UTyanpF-VwmlTd3LJK5g", "name": "Peets Coffee & Tea", "categories": ["Food", "Desserts", "Delis", "Coffee & Tea", "Restaurants"], "state": "CA", "type": "business", "stars": 2.5, "city": "Berkeley", "full_address": "2415 Bowditch St\nTelegraph Ave\nBerkeley, CA 94701", "review_count": 18, "photo_url": "http://s3-media2.ak.yelpcdn.com/bphoto/5AI3qMKbIRFSjPebe0tFOQ/ms.jpg", "schools": ["University of California at Berkeley"], "latitude": 37.8670297, "price": 1}
{"open": true, "url": "http://www.yelp.com/biz/the-bears-lair-brew-pub-berkeley", "longitude": -122.259871959686, "neighborhoods": ["UC Campus Area"], "business_id": "s2Wb3UxXVPU9CV0R2shSuA", "name": "The Bear's Lair Brew Pub", "categories": ["Bars", "American (Traditional)", "Pubs", "Nightlife", "Sports Bars", "Restaurants"], "state": "CA", "type": "business", "stars": 3.5, "city": "Berkeley", "full_address": "2475 Bancroft Way\nUC Campus Area\nBerkeley, CA 94702", "review_count": 173, "photo_url": "http://s3-media2.ak.yelpcdn.com/bphoto/DZNCGDZWC30-oNFNKvfZ2w/ms.jpg", "schools": ["University of California at Berkeley"], "latitude": 37.8689927193298, "price": 1}
{"open": true, "url": "http://www.yelp.com/biz/cafe-milano-berkeley", "longitude": -122.258495, "neighborhoods": ["Telegraph Ave", "UC Campus Area"], "business_id": "NGyFcZHghu1uJ0G-pXJxoQ", "name": "Cafe Milano", "categories": ["Food", "Coffee & Tea", "Cafes", "Restaurants"], "state": "CA", "type": "business", "stars": 3.5, "city": "Berkeley", "full_address": "2522 Bancroft Way\nTelegraph Ave\nBerkeley, CA 94704", "review_count": 267, "photo_url": "http://s3-media3.ak.yelpcdn.com/bphoto/R7LBk41UPNh3oTljpDbyjg/ms.jpg", "schools": ["University of California at Berkeley"], "latitude": 37.868511, "price": 1}
{"open": true, "url": "http://www.yelp.com/biz/top-dog-2-berkeley", "longitude": -122.2597386, "neighborhoods": ["UC Campus Area"], "business_id": "KtFGTBDLlk1sP-DIFPxDVQ", "name": "Top Dog 2", "categories": ["Hot Dogs", "Fast Food", "Restaurants"], "state": "CA", "type": "business", "stars": 4.0, "city": "Berkeley", "full_address": "2503 Hearst Ave\nUC Campus Area\nBerkeley, CA 94709", "review_count": 104, "photo_url": "http://s3-media4.ak.yelpcdn.com/bphoto/8uEBd4feZ5dtGzXo7Zz3NA/ms.jpg", "schools": ["University of California at Berkeley"], "latitude": 37.8752327, "price": 1}
{"open": true, "url": "http://www.yelp.com/biz/stella-nonna-milwaukee-fish-fry-berkeley", "longitude": -122.262428, "neighborhoods": ["UC Campus Area"], "business_id": "bDfcpkyVlSQUvA57HjDTKQ", "name": "Stella Nonna Milwaukee Fish Fry", "categories": ["Caterers", "Fish & Chips", "Event Planning & Services", "Restaurants"], "state": "CA", "type": "business", "stars": 4.0, "city": "Berkeley", "full_address": "2316 Haste Ave\nUC Campus Area\nBerkeley, CA 94704", "review_count": 5, "photo_url": "http://s3-media4.ak.yelpcdn.com/bphoto/8WL-AbM_g-rra0PxlTrYkQ/ms.jpg", "schools": ["University of California at Berkeley"], "latitude": 37.86541, "price": 3}
{"open": true, "url": "http://www.yelp.com/biz/tako-sushi-berkeley", "longitude": -122.2588314, "neighborhoods": ["Telegraph Ave", "UC Campus Area"], "business_id": "2ciUQ05DREauhBC3xiA4qw", "name": "Tako Sushi", "categories": ["Japanese", "Restaurants"], "state": "CA", "type": "business", "stars": 3.0, "city": "Berkeley", "full_address": "2379 Telegraph Ave\nTelegraph Ave\nBerkeley, CA 94704", "review_count": 304, "photo_url": "http://s3-media3.ak.yelpcdn.com/bphoto/Nu0Jcb2yzMegToOpAvpOog/ms.jpg", "schools": ["University of California at Berkeley"], "latitude": 37.8671581, "price": 2}
{"open": true, "url": "http://www.yelp.com/biz/camille-berkeley", "longitude": -122.2597581, "neighborhoods": ["UC Campus Area"], "business_id": "z4YO4rycvYrZEd3VYtzVvw", "name": "Camille", "categories": ["Restaurants", "Vietnamese"], "state": "CA", "type": "business", "stars": 3.5, "city": "Berkeley", "full_address": "2507 Hearst Ave\nUC Campus Area\nBerkeley, CA 94709", "review_count": 37, "photo_url": "http://s3-media4.ak.yelpcdn.com/bphoto/FgFixHnSCeAlAAE9jmxlAA/ms.jpg", "schools": ["University of California at Berkeley"], "latitude": 37.8752015, "price": 2}
{"open": true, "url": "http://www.yelp.com/biz/saigon-eats-berkeley", "longitude": -122.259748, "neighborhoods": ["UC Campus Area"], "business_id": "a4IpACmsrzbVTYJcKgzRdA", "name": "Saigon Eats", "categories": ["Restaurants", "Vietnamese"], "state": "CA", "type": "business", "stars": 3.5, "city": "Berkeley", "full_address": "Lower Sproul Plaza\n2475 Bancroft Way\nUC Campus Area\nBerkeley, CA 94720", "review_count": 30, "photo_url": "http://s3-media2.ak.yelpcdn.com/bphoto/DB_wI1k5GKYr0tDWvejrUw/ms.jpg", "schools": ["University of California at Berkeley"], "latitude": 37.8686684, "price": 2}
{"open": true, "url": "http://www.yelp.com/biz/t-c-garden-restaurant-berkeley", "longitude": -122.2597581, "neighborhoods": ["UC Campus Area"], "business_id": "wIhtFlx1DdDvYH0fjUAtkg", "name": "T C Garden Restaurant", "categories": ["Chinese", "Restaurants"], "state": "CA", "type": "business", "stars": 3.0, "city": "Berkeley", "full_address": "2507 Hearst Ave\nUC Campus Area\nBerkeley, CA 94709", "review_count": 71, "photo_url": "http://s3-media4.ak.yelpcdn.com/bphoto/v_vEw_Kb7EufdDP1nJ7Npg/ms.jpg", "schools": ["University of California at Berkeley"], "latitude": 37.8752015, "price": 1}
{"open": true, "url": "http://www.yelp.com/biz/babette-berkeley", "longitude": -122.2565107, "neighborhoods": ["Telegraph Ave", "UC Campus Area"], "business_id": "6QZR4ToHKlse0yhqpU5ijg", "name": "Babette", "categories": ["Food", "Coffee & Tea", "Cafes", "Restaurants"], "state": "CA", "type": "business", "stars": 4.0, "city": "Berkeley", "full_address": "2625 Durant Ave\nTelegraph Ave\nBerkeley, CA 94720", "review_count": 26, "photo_url": "http://s3-media3.ak.yelpcdn.com/bphoto/lEYDhMEvSd6jNnM4tlW8Rw/ms.jpg", "schools": ["University of California at Berkeley"], "latitude": 37.8681313, "price": 4}
{"open": true, "url": "http://www.yelp.com/biz/pasta-in-a-box-berkeley", "longitude": -122.2588542, "neighborhoods": ["Telegraph Ave", "UC Campus Area"], "business_id": "EuvQIymdxIcHv_fS80rVbg", "name": "Pasta-In-A-Box", "categories": ["Italian", "Sandwiches", "Restaurants"], "state": "CA", "type": "business", "stars": 3.5, "city": "Berkeley", "full_address": "2384 Telegraph Ave\nTelegraph Ave\nBerkeley, CA 94720", "review_count": 13, "photo_url": "http://s3-media4.ak.yelpcdn.com/bphoto/9PaWvyzd9PeTlBn-n9--pA/ms.jpg", "schools": ["University of California at Berkeley"], "latitude": 37.8672496, "price": 1}
{"open": true, "url": "http://www.yelp.com/biz/cupkates-berkeley", "longitude": -122.2625529, "neighborhoods": ["UC Campus Area"], "business_id": "zqvFNZq8q86V7QOcpURcSg", "name": "Cupkates", "categories": ["Food", "Desserts", "Street Vendors", "Food Stands", "Restaurants"], "state": "CA", "type": "business", "stars": 4.5, "city": "Berkeley", "full_address": "UC Campus Area\nBerkeley, CA 94704", "review_count": 550, "photo_url": "http://s3-media2.ak.yelpcdn.com/bphoto/dA0nGTlNy9fK_eRuRYxr-A/ms.jpg", "schools": ["University of California at Berkeley"], "latitude": 37.8654727, "price": 1}
{"open": true, "url": "http://www.yelp.com/biz/bears-ramen-house-berkeley", "longitude": -122.2580151, "neighborhoods": ["Telegraph Ave", "UC Campus Area"], "business_id": "9N684D-RFrQC0V4K0XvdxQ", "name": "Bear's Ramen House", "categories": ["Korean", "Restaurants"], "state": "CA", "type": "business", "stars": 3.5, "city": "Berkeley", "full_address": "2521 Durant Ave\nTelegraph Ave\nBerkeley, CA 94701", "review_count": 225, "photo_url": "http://s3-media2.ak.yelpcdn.com/bphoto/BFEn7l4opMgRDeZ6ak7rcQ/ms.jpg", "schools": ["University of California at Berkeley"], "latitude": 37.8680531, "price": 2}
{"open": true, "url": "http://www.yelp.com/biz/zachs-snacks-berkeley", "longitude": -122.2601606, "neighborhoods": ["UC Campus Area"], "business_id": "qjJDyQSoU4QgtSIyRkAZ6Q", "name": "Zach's Snacks", "categories": ["Sandwiches", "Restaurants"], "state": "CA", "type": "business", "stars": 2.5, "city": "Berkeley", "full_address": "1873 Euclid Ave\nUC Campus Area\nBerkeley, CA 94709", "review_count": 4, "photo_url": "http://s3-media1.ak.yelpcdn.com/assets/2/www/img/924a6444ca6c/gfx/blank_biz_medium.gif", "schools": ["University of California at Berkeley"], "latitude": 37.8752481, "price": 1}
{"open": true, "url": "http://www.yelp.com/biz/sushi-house-berkeley", "longitude": -122.2580151, "neighborhoods": ["Telegraph Ave", "UC Campus Area"], "business_id": "g5S6Q9W0IwN5AEK3fNWzbw", "name": "Sushi House", "categories": ["Sushi Bars", "Restaurants"], "state": "CA", "type": "business", "stars": 2.5, "city": "Berkeley", "full_address": "2521 Durant Ave\nTelegraph Ave\nBerkeley, CA 94704", "review_count": 106, "photo_url": "http://s3-media4.ak.yelpcdn.com/bphoto/gUerRnsbkDl8RzRXduH_IQ/ms.jpg", "schools": ["University of California at Berkeley"], "latitude": 37.8680531, "price": 3}
{"open": true, "url": "http://www.yelp.com/biz/chinese-express-berkeley", "longitude": -122.2592389, "neighborhoods": ["Telegraph Ave", "UC Campus Area"], "business_id": "t-xuA4yR02gud00gTS2iyw", "name": "Chinese Express", "categories": ["Chinese", "Restaurants"], "state": "CA", "type": "business", "stars": 3.5, "city": "Berkeley", "full_address": "2488 Channing Way\nTelegraph Ave\nBerkeley, CA 94704", "review_count": 67, "photo_url": "http://s3-media4.ak.yelpcdn.com/bphoto/osAqCjzpUzVx-3u0HxaHxQ/ms.jpg", "schools": ["University of California at Berkeley"], "latitude": 37.8667955, "price": 1}
{"open": true, "url": "http://www.yelp.com/biz/gather-berkeley", "longitude": -122.26602, "neighborhoods": ["Downtown Berkeley", "UC Campus Area"], "business_id": "BiZAzf2SAFCE0gJrX-PGFw", "name": "Gather", "categories": ["American (New)", "Restaurants"], "state": "CA", "type": "business", "stars": 4.0, "city": "Berkeley", "full_address": "2200 Oxford St\nDowntown Berkeley\nBerkeley, CA 94704", "review_count": 939, "photo_url": "http://s3-media1.ak.yelpcdn.com/bphoto/spcQdylyupt4Dy1fxYJ55A/ms.jpg", "schools": ["University of California at Berkeley"], "latitude": 37.869348, "price": 4}
{"open": true, "url": "http://www.yelp.com/biz/desi-dog-by-brazil-cafe-berkeley-2", "longitude": -122.2589321, "neighborhoods": ["Telegraph Ave", "UC Campus Area"], "business_id": "OzLB_Yc2udRnw2z5mTTP8A", "name": "Desi Dog by Brazil Cafe", "categories": ["Hot Dogs", "Brazilian", "Food Stands", "Restaurants"], "state": "CA", "type": "business", "stars": 4.0, "city": "Berkeley", "full_address": "2513 Bancroft Way\nTelegraph Ave\nBerkeley, CA 94704", "review_count": 23, "photo_url": "http://s3-media4.ak.yelpcdn.com/bphoto/EhPjbOjO-iTCMWJWudxCIw/ms.jpg", "schools": ["University of California at Berkeley"], "latitude": 37.8687725, "price": 3}
{"open": true, "url": "http://www.yelp.com/biz/i-b-s-hoagies-berkeley", "longitude": -122.25849, "neighborhoods": ["Telegraph Ave", "UC Campus Area"], "business_id": "TUIDRJ_rUkdmYPSRAAEsPg", "name": "I.B.'s Hoagies", "categories": ["Sandwiches", "Restaurants"], "state": "CA", "type": "business", "stars": 4.0, "city": "Berkeley", "full_address": "2513 Durant Ave\nTelegraph Ave\nBerkeley, CA 94704", "review_count": 285, "photo_url": "http://s3-media3.ak.yelpcdn.com/bphoto/sPQYaO5Cda8EzXe-nQejng/ms.jpg", "schools": ["University of California at Berkeley"], "latitude": 37.868041, "price": 1}
{"open": true, "url": "http://www.yelp.com/biz/remys-mexican-restaurant-berkeley", "longitude": -122.2580606, "neighborhoods": ["Telegraph Ave", "UC Campus Area"], "business_id": "XXKl1x_LNBxWNZJgS8J39g", "name": "Remy's Mexican Restaurant", "categories": ["Mexican", "Restaurants"], "state": "CA", "type": "business", "stars": 3.5, "city": "Berkeley", "full_address": "2506 Haste St\nTelegraph Ave\nBerkeley, CA 94704", "review_count": 43, "photo_url": "http://s3-media2.ak.yelpcdn.com/bphoto/lv_iC0jrWi6PD7KqQbGP6w/ms.jpg", "schools": ["University of California at Berkeley"], "latitude": 37.866061, "price": 2}
{"open": true, "url": "http://www.yelp.com/biz/hummingbird-express-berkeley", "longitude": -122.2602129, "neighborhoods": ["UC Campus Area"], "business_id": "LqVC-VEmJ3GQyKlfSVO3Zg", "name": "Hummingbird Express", "categories": ["Greek", "Mediterranean", "Sandwiches", "Restaurants"], "state": "CA", "type": "business", "stars": 3.0, "city": "Berkeley", "full_address": "1842 Euclid Ave\nUC Campus Area\nBerkeley, CA 94709", "review_count": 16, "photo_url": "http://s3-media1.ak.yelpcdn.com/assets/2/www/img/924a6444ca6c/gfx/blank_biz_medium.gif", "schools": ["University of California at Berkeley"], "latitude": 37.8755024, "price": 2}
{"open": true, "url": "http://www.yelp.com/biz/racha-cafe-berkeley", "longitude": -122.2584731, "neighborhoods": ["Telegraph Ave", "UC Campus Area"], "business_id": "93sW9Y_3rJQn305_n8epng", "name": "Racha Cafe", "categories": ["Thai", "Restaurants"], "state": "CA", "type": "business", "stars": 3.5, "city": "Berkeley", "full_address": "2516 Telegraph Ave\nTelegraph Ave\nBerkeley, CA 94704", "review_count": 198, "photo_url": "http://s3-media3.ak.yelpcdn.com/bphoto/MWcrplNvELU-PW595KiHUw/ms.jpg", "schools": ["University of California at Berkeley"], "latitude": 37.8647594, "price": 2}
{"open": true, "url": "http://www.yelp.com/biz/berkeley-floor-cafe-berkeley", "longitude": -122.2648949, "neighborhoods": ["UC Campus Area"], "business_id": "MjHULXYJDc9XMM2r24oddg", "name": "Berkeley Floor Cafe", "categories": ["Cafes", "Restaurants"], "state": "CA", "type": "business", "stars": 4.0, "city": "Berkeley", "full_address": "2244 Bancroft Way\nUC Campus Area\nBerkeley, CA 94704", "review_count": 20, "photo_url": "http://s3-media1.ak.yelpcdn.com/bphoto/XQU5A7394JNXbcMiUAk04A/ms.jpg", "schools": ["University of California at Berkeley"], "latitude": 37.8679837, "price": 1}
{"open": true, "url": "http://www.yelp.com/biz/steves-bar-b-que-berkeley", "longitude": -122.2580151, "neighborhoods": ["Telegraph Ave", "UC Campus Area"], "business_id": "h-pdNVQY1ekHoVtgJCxIkw", "name": "Steve's Bar-B-Que", "categories": ["Korean", "Restaurants"], "state": "CA", "type": "business", "stars": 3.5, "city": "Berkeley", "full_address": "2521 Durant Ave\nSte F\nTelegraph Ave\nBerkeley, CA 94704", "review_count": 323, "photo_url": "http://s3-media1.ak.yelpcdn.com/bphoto/b6uZmdhLE3WX4PHw-Pcx_w/ms.jpg", "schools": ["University of California at Berkeley"], "latitude": 37.8680531, "price": 2}
{"open": true, "url": "http://www.yelp.com/biz/cafe-zeb-berkeley", "longitude": -122.2535688, "neighborhoods": ["UC Campus Area"], "business_id": "chV9_4XQ_wLuL3vOOZqA2A", "name": "Cafe Zeb", "categories": ["Breakfast & Brunch", "Restaurants"], "state": "CA", "type": "business", "stars": 3.5, "city": "Berkeley", "full_address": "UC Berkeley Campus\n2745 Bancroft Way\nUC Campus Area\nBerkeley, CA 94701", "review_count": 20, "photo_url": "http://s3-media1.ak.yelpcdn.com/bphoto/SKF40pF2tX5-nl9cC32L7A/ms.jpg", "schools": ["University of California at Berkeley"], "latitude": 37.8694291, "price": 1}
{"open": true, "url": "http://www.yelp.com/biz/quickly-berkeley", "longitude": -122.2522884, "neighborhoods": ["UC Campus Area"], "business_id": "H7K1YI4ECl8oIY3Zt8qEsg", "name": "Quickly", "categories": ["Food", "Juice Bars & Smoothies", "Coffee & Tea", "Asian Fusion", "Restaurants"], "state": "CA", "type": "business", "stars": 2.5, "city": "Berkeley", "full_address": "2915-B Durant Ave\nUC Campus Area\nBerkeley, CA 94701", "review_count": 115, "photo_url": "http://s3-media2.ak.yelpcdn.com/bphoto/kVqLFumeWRtxyKIUsyZUAg/ms.jpg", "schools": ["University of California at Berkeley"], "latitude": 37.8686878, "price": 1}
{"open": true, "url": "http://www.yelp.com/biz/hummingbird-cafe-berkeley", "longitude": -122.2603537, "neighborhoods": ["UC Campus Area"], "business_id": "Z6Y4JnWBEvgay6PahHrQEQ", "name": "Hummingbird Cafe", "categories": ["Food", "Sandwiches", "Delis", "Coffee & Tea", "Restaurants"], "state": "CA", "type": "business", "stars": 4.0, "city": "Berkeley", "full_address": "1814 Euclid Ave\nUC Campus Area\nBerkeley, CA 94709", "review_count": 96, "photo_url": "http://s3-media3.ak.yelpcdn.com/bphoto/SLWiNGQeqbjWBuRDDIH-XQ/ms.jpg", "schools": ["University of California at Berkeley"], "latitude": 37.8754914, "price": 2}
{"open": true, "url": "http://www.yelp.com/biz/ucafe-berkeley", "longitude": -122.2569545, "neighborhoods": ["Telegraph Ave", "UC Campus Area"], "business_id": "Gia-6TO8WwPMSHdn86EozQ", "name": "UCafe", "categories": ["Cafes", "Restaurants"], "state": "CA", "type": "business", "stars": 3.0, "city": "Berkeley", "full_address": "2550 Durant Ave\nTelegraph Ave\nBerkeley, CA 94704", "review_count": 22, "photo_url": "http://s3-media4.ak.yelpcdn.com/bphoto/i8IHUKqEA3QFBm4hkkVRnQ/ms.jpg", "schools": ["University of California at Berkeley"], "latitude": 37.8680197, "price": 1}
{"open": true, "url": "http://www.yelp.com/biz/thai-basil-cuisine-berkeley", "longitude": -122.2581241, "neighborhoods": ["Telegraph Ave", "UC Campus Area"], "business_id": "h11Hr07ffM-dn-rico0_fA", "name": "Thai Basil Cuisine", "categories": ["Thai", "Restaurants"], "state": "CA", "type": "business", "stars": 3.5, "city": "Berkeley", "full_address": "2519 Durant Ave\nSte G\nTelegraph Ave\nBerkeley, CA 94704", "review_count": 521, "photo_url": "http://s3-media1.ak.yelpcdn.com/bphoto/hM-6PQPLrB-BVi0G9A2bEg/ms.jpg", "schools": ["University of California at Berkeley"], "latitude": 37.8680259, "price": 2}
{"open": true, "url": "http://www.yelp.com/biz/c-u-sushi-berkeley", "longitude": -122.2664781, "neighborhoods": ["Downtown Berkeley", "UC Campus Area"], "business_id": "e_8TvfKT6QT81snfrqYYTw", "name": "C U Sushi", "categories": ["Sushi Bars", "Japanese", "Restaurants"], "state": "CA", "type": "business", "stars": 3.5, "city": "Berkeley", "full_address": "2152 Center St\nDowntown Berkeley\nBerkeley, CA 94704", "review_count": 347, "photo_url": "http://s3-media2.ak.yelpcdn.com/bphoto/T5aLaIY5gzbs4rVJ7aDK9g/ms.jpg", "schools": ["University of California at Berkeley"], "latitude": 37.8705095, "price": 3}
{"open": true, "url": "http://www.yelp.com/biz/anns-kitchen-berkeley", "longitude": -122.2586396, "neighborhoods": ["Telegraph Ave", "UC Campus Area"], "business_id": "WGSy8QlY1vn5lpCNJTOLxA", "name": "Ann's Kitchen", "categories": ["Breakfast & Brunch", "American (Traditional)", "Restaurants"], "state": "CA", "type": "business", "stars": 3.5, "city": "Berkeley", "full_address": "2498 Telegraph Ave\nTelegraph Ave\nBerkeley, CA 94704", "review_count": 234, "photo_url": "http://s3-media3.ak.yelpcdn.com/bphoto/FhwqCqHzRMDbZcetW1Rxvg/ms.jpg", "schools": ["University of California at Berkeley"], "latitude": 37.8651779, "price": 2}
{"open": true, "url": "http://www.yelp.com/biz/bongo-burger-berkeley-2", "longitude": -122.2602229, "neighborhoods": ["UC Campus Area"], "business_id": "LMkjYjW17gyckgGVxEmVNw", "name": "Bongo Burger 2", "categories": ["Burgers", "Fast Food", "Restaurants"], "state": "CA", "type": "business", "stars": 3.5, "city": "Berkeley", "full_address": "1839 Euclid Ave\nUC Campus Area\nBerkeley, CA 94709", "review_count": 114, "photo_url": "http://s3-media2.ak.yelpcdn.com/bphoto/2ssOtVLI3VK2qLa82LAFqQ/ms.jpg", "schools": ["University of California at Berkeley"], "latitude": 37.8755712, "price": 1}
{"open": true, "url": "http://www.yelp.com/biz/cinnaholic-berkeley", "longitude": -122.2659014, "neighborhoods": ["Downtown Berkeley", "UC Campus Area"], "business_id": "2u4DSD6F8RyFXp-Crhj8OA", "name": "Cinnaholic", "categories": ["Food", "Bakeries", "Vegan", "Restaurants"], "state": "CA", "type": "business", "stars": 4.5, "city": "Berkeley", "full_address": "2132 Oxford St\nDowntown Berkeley\nBerkeley, CA 94704", "review_count": 451, "photo_url": "http://s3-media4.ak.yelpcdn.com/bphoto/y_V9EmUpB8ESww2en-Kluw/ms.jpg", "schools": ["University of California at Berkeley"], "latitude": 37.8702006, "price": 2}
{"open": true, "url": "http://www.yelp.com/biz/la-burrita-berkeley-2", "longitude": -122.2602616, "neighborhoods": ["UC Campus Area"], "business_id": "XzWUVPs5VcCTEVtWYZVYRg", "name": "La Burrita 2", "categories": ["Mexican", "Restaurants"], "state": "CA", "type": "business", "stars": 3.0, "city": "Berkeley", "full_address": "1832 Euclid Ave\nUC Campus Area\nBerkeley, CA 94709", "review_count": 142, "photo_url": "http://s3-media4.ak.yelpcdn.com/bphoto/qq4tEs4uz0Z7Cb-sYjcw6A/ms.jpg", "schools": ["University of California at Berkeley"], "latitude": 37.8755679, "price": 2}
{"open": true, "url": "http://www.yelp.com/biz/berkeley-thai-house-berkeley", "longitude": -122.2583894, "neighborhoods": ["Telegraph Ave", "UC Campus Area"], "business_id": "tR7wIIvJsLqI8keoLf8tpg", "name": "Berkeley Thai House", "categories": ["Thai", "Restaurants"], "state": "CA", "type": "business", "stars": 3.0, "city": "Berkeley", "full_address": "2511 Channing Way\nTelegraph Ave\nBerkeley, CA 94704", "review_count": 287, "photo_url": "http://s3-media3.ak.yelpcdn.com/bphoto/hHtF24aESJe3agsoAEVe3A/ms.jpg", "schools": ["University of California at Berkeley"], "latitude": 37.8670609, "price": 4}
{"open": true, "url": "http://www.yelp.com/biz/lotus-house-berkeley", "longitude": -122.258216, "neighborhoods": ["Telegraph Ave", "UC Campus Area"], "business_id": "XBPMMfMchDlxZG-qSsSdtw", "name": "Lotus House", "categories": ["Food", "Coffee & Tea", "Chinese", "Restaurants"], "state": "CA", "type": "business", "stars": 3.0, "city": "Berkeley", "full_address": "2517A Durant Ave\nTelegraph Ave\nBerkeley, CA 94704", "review_count": 160, "photo_url": "http://s3-media3.ak.yelpcdn.com/bphoto/w4ig8KmeCt9wYkeYrDehIA/ms.jpg", "schools": ["University of California at Berkeley"], "latitude": 37.868035, "price": 2}
{"open": true, "url": "http://www.yelp.com/biz/foleys-deli-berkeley", "longitude": -122.259354, "neighborhoods": ["Telegraph Ave", "UC Campus Area"], "business_id": "rcu96dLkUGU4Naj7GqOHDQ", "name": "Foley's Deli", "categories": ["Sandwiches", "Restaurants"], "state": "CA", "type": "business", "stars": 5.0, "city": "Berkeley", "full_address": "2312 Telegraph Ave\nTelegraph Ave\nBerkeley, CA 94704", "review_count": 2, "photo_url": "http://s3-media4.ak.yelpcdn.com/bphoto/VSh882YnUFyjmhHiitfebg/ms.jpg", "schools": ["University of California at Berkeley"], "latitude": 37.868272, "price": 1}
{"open": true, "url": "http://www.yelp.com/biz/celias-berkeley", "longitude": -122.259984, "neighborhoods": ["UC Campus Area"], "business_id": "ea769Nc6dltC9QYTJXIzuw", "name": "Celia's", "categories": ["Mexican", "Restaurants"], "state": "CA", "type": "business", "stars": 3.5, "city": "Berkeley", "full_address": "1841 Euclid Ave\nUC Campus Area\nBerkeley, CA 94709", "review_count": 110, "photo_url": "http://s3-media4.ak.yelpcdn.com/bphoto/ZdHUTChVX6bsilWdVpBHCA/ms.jpg", "schools": ["University of California at Berkeley"], "latitude": 37.8755809, "price": 4}
{"open": true, "url": "http://www.yelp.com/biz/the-toaster-oven-berkeley", "longitude": -122.2590117, "neighborhoods": ["Telegraph Ave", "UC Campus Area"], "business_id": "YxYMAHI215UpbnUM2TeEGw", "name": "The Toaster Oven", "categories": ["Sandwiches", "Restaurants"], "state": "CA", "type": "business", "stars": 3.5, "city": "Berkeley", "full_address": "2309 Telegraph Ave\nTelegraph Ave\nBerkeley, CA 94704", "review_count": 55, "photo_url": "http://s3-media2.ak.yelpcdn.com/bphoto/1IirdUSB0yi4TorBV5JPoA/ms.jpg", "schools": ["University of California at Berkeley"], "latitude": 37.8684118, "price": 1}
{"open": true, "url": "http://www.yelp.com/biz/musical-offering-berkeley", "longitude": -122.260698, "neighborhoods": ["Telegraph Ave", "UC Campus Area"], "business_id": "ndDb1erN_IQcaVLIDQhGMQ", "name": "Musical Offering", "categories": ["Music & DVDs", "Books, Mags, Music and Video", "Cafes", "Shopping", "Restaurants"], "state": "CA", "type": "business", "stars": 4.0, "city": "Berkeley", "full_address": "2430 Bancroft Way\nTelegraph Ave\nBerkeley, CA 94704", "review_count": 121, "photo_url": "http://s3-media2.ak.yelpcdn.com/bphoto/Zq2L3mV6Nk1WIfArwjQwcQ/ms.jpg", "schools": ["University of California at Berkeley"], "latitude": 37.868429, "price": 3}
{"open": true, "url": "http://www.yelp.com/biz/souvlaki-greek-traditional-food-berkeley", "longitude": -122.2582955, "neighborhoods": ["Telegraph Ave", "UC Campus Area"], "business_id": "mU17Eeit-6smjUsKBVUpFw", "name": "Souvlaki Greek Traditional Food", "categories": ["Greek", "Restaurants"], "state": "CA", "type": "business", "stars": 3.0, "city": "Berkeley", "full_address": "2518b Durant Ave\nTelegraph Ave\nBerkeley, CA 94704", "review_count": 25, "photo_url": "http://s3-media2.ak.yelpcdn.com/bphoto/aULXMF8lQd88HRCvq3HR3g/ms.jpg", "schools": ["University of California at Berkeley"], "latitude": 37.8677974, "price": 2}
{"open": true, "url": "http://www.yelp.com/biz/pat-browns-grill-berkeley", "longitude": -122.264895737171, "neighborhoods": ["UC Campus Area"], "business_id": "wNTMfBrsvVHleI8cxO1TKw", "name": "Pat Brown's Grill", "categories": ["American (Traditional)", "Sandwiches", "Salad", "Restaurants"], "state": "CA", "type": "business", "stars": 3.0, "city": "Berkeley", "full_address": "University of California\nGenetics and Plant Biology Building\nUC Campus Area\nBerkeley, CA 94709", "review_count": 13, "photo_url": "http://s3-media4.ak.yelpcdn.com/bphoto/PLLKkSj0Hck6dDfOfnRBpw/ms.jpg", "schools": ["University of California at Berkeley"], "latitude": 37.8733141647778, "price": 1}
{"open": true, "url": "http://www.yelp.com/biz/bongo-burger-berkeley-3", "longitude": -122.2582112, "neighborhoods": ["Telegraph Ave", "UC Campus Area"], "business_id": "G3d-xJF_Rt-P_za2eZ1q-Q", "name": "Bongo Burger 3", "categories": ["Burgers", "Fast Food", "Restaurants"], "state": "CA", "type": "business", "stars": 4.0, "city": "Berkeley", "full_address": "2505 Dwight Way\nTelegraph Ave\nBerkeley, CA 94704", "review_count": 288, "photo_url": "http://s3-media1.ak.yelpcdn.com/bphoto/R9En8v3vSH1uYj_Zmzpj6g/ms.jpg", "schools": ["University of California at Berkeley"], "latitude": 37.8652379, "price": 1}
{"open": true, "url": "http://www.yelp.com/biz/kimchi-garden-berkeley", "longitude": -122.258216, "neighborhoods": ["Telegraph Ave", "UC Campus Area"], "business_id": "PkSoDMwb3y3-lRsqaKqSGw", "name": "Kimchi Garden", "categories": ["Korean", "Restaurants"], "state": "CA", "type": "business", "stars": 2.5, "city": "Berkeley", "full_address": "2517 Durant Ave\nTelegraph Ave\nBerkeley, CA 94704", "review_count": 90, "photo_url": "http://s3-media2.ak.yelpcdn.com/bphoto/m0kuP3D-jGhh1K9pDATGMQ/ms.jpg", "schools": ["University of California at Berkeley"], "latitude": 37.868035, "price": 2}
{"open": true, "url": "http://www.yelp.com/biz/turkish-kitchen-express-berkeley", "longitude": -122.258741, "neighborhoods": ["Telegraph Ave", "UC Campus Area"], "business_id": "1d5Ycdlytf8JWZmWJ0NVFA", "name": "Turkish Kitchen Express", "categories": ["Turkish", "Mediterranean", "Restaurants"], "state": "CA", "type": "business", "stars": 4.0, "city": "Berkeley", "full_address": "2395 Telegraph Ave\nTelegraph Ave\nBerkeley, CA 94704", "review_count": 9, "photo_url": "http://s3-media4.ak.yelpcdn.com/bphoto/0oE5mDN1irtubPg6_pP_Vg/ms.jpg", "schools": ["University of California at Berkeley"], "latitude": 37.8670856, "price": 1}
{"open": true, "url": "http://www.yelp.com/biz/dojo-dog-berkeley", "longitude": -122.2596091, "neighborhoods": ["UC Campus Area"], "business_id": "ya60yzziKMfgyFLAdUNdFQ", "name": "Dojo Dog", "categories": ["Food", "Hot Dogs", "Asian Fusion", "Food Trucks", "Restaurants"], "state": "CA", "type": "business", "stars": 4.0, "city": "Berkeley", "full_address": "2475 Bancroft Way\nUC Campus Area\nBerkeley, CA 94704", "review_count": 67, "photo_url": "http://s3-media2.ak.yelpcdn.com/bphoto/qVILOloweaKGsT9H01Dplw/ms.jpg", "schools": ["University of California at Berkeley"], "latitude": 37.8690986, "price": 1}
{"open": true, "url": "http://www.yelp.com/biz/indian-flavors-express-berkeley", "longitude": -122.2582208, "neighborhoods": ["Telegraph Ave", "UC Campus Area"], "business_id": "TKDgFp9C7kf_pSHrQHZW_Q", "name": "Indian Flavors Express", "categories": ["Indian", "Restaurants"], "state": "CA", "type": "business", "stars": 3.5, "city": "Berkeley", "full_address": "2548 Bancroft Way\nTelegraph Ave\nBerkeley, CA 94704", "review_count": 101, "photo_url": "http://s3-media4.ak.yelpcdn.com/bphoto/boV5vAlj-4ONrO5DiJkApw/ms.jpg", "schools": ["University of California at Berkeley"], "latitude": 37.8688198, "price": 2}
{"open": true, "url": "http://www.yelp.com/biz/nefeli-caffe-berkeley", "longitude": -122.2601952, "neighborhoods": ["UC Campus Area"], "business_id": "OqKuUkYMCWShOHOspYLGZQ", "name": "Nefeli Caffe", "categories": ["Food", "Greek", "Coffee & Tea", "Mediterranean", "Restaurants"], "state": "CA", "type": "business", "stars": 4.0, "city": "Berkeley", "full_address": "1854 Euclid Ave\nUC Campus Area\nBerkeley, CA 94709", "review_count": 130, "photo_url": "http://s3-media3.ak.yelpcdn.com/bphoto/SO83y51xAMNqE1Gxt1QxyQ/ms.jpg", "schools": ["University of California at Berkeley"], "latitude": 37.8754083, "price": 2}
{"open": true, "url": "http://www.yelp.com/biz/vinnies-cheesesteaks-berkeley", "longitude": -122.2602115, "neighborhoods": ["UC Campus Area"], "business_id": "WyzBDqBtqdbH3J0V2w9R6g", "name": "Vinnie's Cheesesteaks", "categories": ["Sandwiches", "Restaurants"], "state": "CA", "type": "business", "stars": 3.5, "city": "Berkeley", "full_address": "1866 Euclid Ave\nUC Campus Area\nBerkeley, CA 94709", "review_count": 66, "photo_url": "http://s3-media3.ak.yelpcdn.com/bphoto/EZRomqQK0RwqCy2e87PaFQ/ms.jpg", "schools": ["University of California at Berkeley"], "latitude": 37.8753118, "price": 2}
{"open": true, "url": "http://www.yelp.com/biz/subway-berkeley-4", "longitude": -122.2594514, "neighborhoods": ["Telegraph Ave", "UC Campus Area"], "business_id": "4b8yMxZ5p4KddENZYmjMEg", "name": "Subway", "categories": ["Sandwiches", "Restaurants"], "state": "CA", "type": "business", "stars": 2.0, "city": "Berkeley", "full_address": "2490 Bancroft Way\nTelegraph Ave\nBerkeley, CA 94704", "review_count": 33, "photo_url": "http://s3-media2.ak.yelpcdn.com/bphoto/DQOEr3nQlEetFpAk0ZWoOA/ms.jpg", "schools": ["University of California at Berkeley"], "latitude": 37.8686641, "price": 1}
{"open": true, "url": "http://www.yelp.com/biz/golden-bear-cafe-berkeley", "longitude": -122.259603738785, "neighborhoods": ["UC Campus Area"], "business_id": "1wz7l5OyVoUlvPDRy59ZMA", "name": "Golden Bear Cafe", "categories": ["Food", "Cafes", "Sandwiches", "Restaurants"], "state": "CA", "type": "business", "stars": 3.0, "city": "Berkeley", "full_address": "Cesar Chavez Student Center\nUpper Sproul Plz\nUC Campus Area\nBerkeley, CA 94701", "review_count": 28, "photo_url": "http://s3-media3.ak.yelpcdn.com/bphoto/F6QJM3qEV14X65etcz-mlw/ms.jpg", "schools": ["University of California at Berkeley"], "latitude": 37.8698057886903, "price": 3}
{"open": true, "url": "http://www.yelp.com/biz/ramonas-caf%C3%A9-berkeley-2", "longitude": -122.254925966263, "neighborhoods": ["UC Campus Area"], "business_id": "8oUiRpdbLzqNKrBTGyBkZw", "name": "Ramona's Caf\u00e9", "categories": ["Food", "Coffee & Tea", "Sandwiches", "Restaurants"], "state": "CA", "type": "business", "stars": 3.0, "city": "Berkeley", "full_address": "UC Berkeley Campus\nWurster Hall\nUC Campus Area\nBerkeley, CA 94720", "review_count": 15, "photo_url": "http://s3-media2.ak.yelpcdn.com/bphoto/ecHj_-2xQjtzhBB5opKAoQ/ms.jpg", "schools": ["University of California at Berkeley"], "latitude": 37.8705256863629, "price": 1}
{"open": true, "url": "http://www.yelp.com/biz/thai-noodle-ii-berkeley-2", "longitude": -122.2588162, "neighborhoods": ["Telegraph Ave", "UC Campus Area"], "business_id": "D0bltNaJ-Ak6ejkUUpWDEw", "name": "Thai Noodle II", "categories": ["Thai", "Restaurants"], "state": "CA", "type": "business", "stars": 3.5, "city": "Berkeley", "full_address": "2426 Telegraph Ave\nTelegraph Ave\nBerkeley, CA 94704", "review_count": 2, "photo_url": "http://s3-media1.ak.yelpcdn.com/assets/2/www/img/924a6444ca6c/gfx/blank_biz_medium.gif", "schools": ["University of California at Berkeley"], "latitude": 37.8664181, "price": 2}
{"open": true, "url": "http://www.yelp.com/biz/the-stuffed-inn-berkeley", "longitude": -122.26004, "neighborhoods": ["UC Campus Area"], "business_id": "PUK0RoIvq8pgi38FSCg7cQ", "name": "The Stuffed Inn", "categories": ["Sandwiches", "Restaurants"], "state": "CA", "type": "business", "stars": 4.0, "city": "Berkeley", "full_address": "1829 Euclid Ave\nUC Campus Area\nBerkeley, CA 94709", "review_count": 131, "photo_url": "http://s3-media2.ak.yelpcdn.com/bphoto/_AEvNo3gGfcjPjMDbglntg/ms.jpg", "schools": ["University of California at Berkeley"], "latitude": 37.8756879, "price": 2}
{"open": true, "url": "http://www.yelp.com/biz/saturn-cafe-berkeley", "longitude": -122.2659885, "neighborhoods": ["Downtown Berkeley", "UC Campus Area"], "business_id": "S4a-MaxMszQjSPSs1JSM2A", "name": "Saturn Cafe", "categories": ["Vegetarian", "Vegan", "Restaurants"], "state": "CA", "type": "business", "stars": 3.5, "city": "Berkeley", "full_address": "2175 Allston Way\nDowntown Berkeley\nBerkeley, CA 94704", "review_count": 436, "photo_url": "http://s3-media2.ak.yelpcdn.com/bphoto/KHCLBgt2CyvP_J_ZBXL8sg/ms.jpg", "schools": ["University of California at Berkeley"], "latitude": 37.8698214, "price": 3}
{"open": true, "url": "http://www.yelp.com/biz/le-petit-cheval-berkeley", "longitude": -122.2567822, "neighborhoods": ["Telegraph Ave", "UC Campus Area"], "business_id": "lWG0hyFKIgZISbZkEfMVsQ", "name": "Le Petit Cheval", "categories": ["Restaurants", "Vietnamese"], "state": "CA", "type": "business", "stars": 3.5, "city": "Berkeley", "full_address": "2600 Bancroft Way\nTelegraph Ave\nBerkeley, CA 94704", "review_count": 138, "photo_url": "http://s3-media2.ak.yelpcdn.com/bphoto/FUF_EITsXWMrG3WEO3dJYg/ms.jpg", "schools": ["University of California at Berkeley"], "latitude": 37.8689555, "price": 2}
{"open": true, "url": "http://www.yelp.com/biz/mandarin-house-berkeley", "longitude": -122.2580885, "neighborhoods": ["Telegraph Ave", "UC Campus Area"], "business_id": "5fneYCWLhgBZQUcNPOch-w", "name": "Mandarin House", "categories": ["Chinese", "Restaurants"], "state": "CA", "type": "business", "stars": 2.5, "city": "Berkeley", "full_address": "2519 Durant Avenue Suite A\nTelegraph Ave\nBerkeley, CA 94704", "review_count": 102, "photo_url": "http://s3-media3.ak.yelpcdn.com/bphoto/59RZguaJAofg4ENMM1H_4g/ms.jpg", "schools": ["University of California at Berkeley"], "latitude": 37.868144, "price": 2}
{"open": true, "url": "http://www.yelp.com/biz/jimmie-beans-fifo-cafe-berkeley", "longitude": -122.2527946, "neighborhoods": ["UC Campus Area"], "business_id": "U6oI7ip50hnFbZkJQ0bFGQ", "name": "Jimmie Beans Fifo Cafe", "categories": ["Cafes", "Restaurants"], "state": "CA", "type": "business", "stars": 2.5, "city": "Berkeley", "full_address": "2220 Piedmont Ave\nUC Campus Area\nBerkeley, CA 94720", "review_count": 6, "photo_url": "http://s3-media2.ak.yelpcdn.com/bphoto/4WYyMhXMO3jCOzqGJvN3vw/ms.jpg", "schools": ["University of California at Berkeley"], "latitude": 37.8711657, "price": 1}
{"open": true, "url": "http://www.yelp.com/biz/taqueria-el-tacontento-berkeley", "longitude": -122.259748, "neighborhoods": ["UC Campus Area"], "business_id": "hibPCAbDkDgeuAzbWt5UAA", "name": "Taqueria El Tacontento", "categories": ["Mexican", "Restaurants"], "state": "CA", "type": "business", "stars": 3.5, "city": "Berkeley", "full_address": "2475 Bancroft Wy\nUC Campus Area\nBerkeley, CA 94702", "review_count": 18, "photo_url": "http://s3-media1.ak.yelpcdn.com/assets/2/www/img/924a6444ca6c/gfx/blank_biz_medium.gif", "schools": ["University of California at Berkeley"], "latitude": 37.8686684, "price": 2}
{"open": true, "url": "http://www.yelp.com/biz/sunrise-deli-berkeley", "longitude": -122.260181, "neighborhoods": ["Telegraph Ave", "UC Campus Area"], "business_id": "J27yz2L8PoubYmfi_DWrSA", "name": "Sunrise Deli", "categories": ["Middle Eastern", "Restaurants"], "state": "CA", "type": "business", "stars": 3.5, "city": "Berkeley", "full_address": "2456 Bancroft Way\nTelegraph Ave\nBerkeley, CA 94704", "review_count": 131, "photo_url": "http://s3-media1.ak.yelpcdn.com/bphoto/2xowbms3qBpT5zGp1cZwjw/ms.jpg", "schools": ["University of California at Berkeley"], "latitude": 37.8683059, "price": 1}
{"open": true, "url": "http://www.yelp.com/biz/top-dog-berkeley-3", "longitude": -122.2663412, "neighborhoods": ["Downtown Berkeley", "UC Campus Area"], "business_id": "65ltOonS7uaG12RRdn-W3Q", "name": "Top Dog 3", "categories": ["Hot Dogs", "Fast Food", "Restaurants"], "state": "CA", "type": "business", "stars": 4.0, "city": "Berkeley", "full_address": "2160 Center St\nDowntown Berkeley\nBerkeley, CA 94704", "review_count": 190, "photo_url": "http://s3-media3.ak.yelpcdn.com/bphoto/7fBRFT7dMulaUE6E-0QMFg/ms.jpg", "schools": ["University of California at Berkeley"], "latitude": 37.8705286, "price": 1}
{"open": true, "url": "http://www.yelp.com/biz/naan-n-curry-berkeley", "longitude": -122.2590685, "neighborhoods": ["Telegraph Ave", "UC Campus Area"], "business_id": "xtyK6kDA4A2ASCVuU2vH7A", "name": "Naan N Curry", "categories": ["Pakistani", "Indian", "Halal", "Restaurants"], "state": "CA", "type": "business", "stars": 3.0, "city": "Berkeley", "full_address": "2366 Telegraph Ave\nTelegraph Ave\nBerkeley, CA 94704", "review_count": 452, "photo_url": "http://s3-media2.ak.yelpcdn.com/bphoto/i1yhX4aNfRgTOTuurWxpaQ/ms.jpg", "schools": ["University of California at Berkeley"], "latitude": 37.8673999, "price": 2}
{"open": true, "url": "http://www.yelp.com/biz/freehouse-berkeley", "longitude": -122.254269, "neighborhoods": ["UC Campus Area"], "business_id": "9znPyzc0cS8GHH49R8SUaA", "name": "Freehouse", "categories": ["Pubs", "Bars", "American (Traditional)", "Nightlife", "Restaurants"], "state": "CA", "type": "business", "stars": 3.0, "city": "Berkeley", "full_address": "2700 Bancroft Way\nUC Campus Area\nBerkeley, CA 94704", "review_count": 49, "photo_url": "http://s3-media3.ak.yelpcdn.com/bphoto/MSDVALDMWDbYYhfnwy7G4A/ms.jpg", "schools": ["University of California at Berkeley"], "latitude": 37.868961, "price": 4}
{"open": true, "url": "http://www.yelp.com/biz/la-vals-pizza-berkeley", "longitude": -122.2603641, "neighborhoods": ["UC Campus Area"], "business_id": "1CBs84C-a-cuA3vncXVSAw", "name": "La Val's Pizza", "categories": ["Pizza", "Restaurants"], "state": "CA", "type": "business", "stars": 3.5, "city": "Berkeley", "full_address": "1834 Euclid Ave\nUC Campus Area\nBerkeley, CA 94709", "review_count": 218, "photo_url": "http://s3-media2.ak.yelpcdn.com/bphoto/m7_y0Xsf_9yzli5aLEnquQ/ms.jpg", "schools": ["University of California at Berkeley"], "latitude": 37.8755322, "price": 1}
{"open": true, "url": "http://www.yelp.com/biz/northside-cafe-berkeley", "longitude": -122.2601962, "neighborhoods": ["UC Campus Area"], "business_id": "R109PJPOP1puLUHQWeWwcg", "name": "Northside Cafe", "categories": ["Breakfast & Brunch", "Sandwiches", "Restaurants"], "state": "CA", "type": "business", "stars": 4.0, "city": "Berkeley", "full_address": "1878 Euclid Ave\nUC Campus Area\nBerkeley, CA 94709", "review_count": 104, "photo_url": "http://s3-media2.ak.yelpcdn.com/bphoto/OmAP2UocHcTMRmQR9WDlfw/ms.jpg", "schools": ["University of California at Berkeley"], "latitude": 37.8752289, "price": 2}
{"open": true, "url": "http://www.yelp.com/biz/la-burrita-berkeley", "longitude": -122.2575506, "neighborhoods": ["Telegraph Ave", "UC Campus Area"], "business_id": "q33FT8iYvU2UUbJuiEQWUw", "name": "La Burrita", "categories": ["Mexican", "Restaurants"], "state": "CA", "type": "business", "stars": 3.5, "city": "Berkeley", "full_address": "2530 Durant Ave\nTelegraph Ave\nBerkeley, CA 94704", "review_count": 376, "photo_url": "http://s3-media4.ak.yelpcdn.com/bphoto/BTGk7lmjNkn58Q27rAnlWw/ms.jpg", "schools": ["University of California at Berkeley"], "latitude": 37.8679766, "price": 2}
{"open": true, "url": "http://www.yelp.com/biz/the-little-dipper-chocolate-company-berkeley", "longitude": -122.2591719, "neighborhoods": ["Telegraph Ave", "UC Campus Area"], "business_id": "EAafCOFtOjTDq7WNwHFn7A", "name": "The Little Dipper Chocolate Company", "categories": ["Food", "Desserts", "Food Stands", "Restaurants"], "state": "CA", "type": "business", "stars": 3.5, "city": "Berkeley", "full_address": "Bancroft and Telegraph\nTelegraph Ave\nBerkeley, CA 94704", "review_count": 3, "photo_url": "http://s3-media1.ak.yelpcdn.com/assets/2/www/img/924a6444ca6c/gfx/blank_biz_medium.gif", "schools": ["University of California at Berkeley"], "latitude": 37.868725, "price": 1}
{"open": true, "url": "http://www.yelp.com/biz/international-house-cafe-berkeley", "longitude": -122.2519943, "neighborhoods": ["UC Campus Area"], "business_id": "QK92fducCS79yYkuTEfG0w", "name": "International House Cafe", "categories": ["Food", "Coffee & Tea", "Cafes", "Breakfast & Brunch", "Restaurants"], "state": "CA", "type": "business", "stars": 3.0, "city": "Berkeley", "full_address": "2299 Piedmont Ave\nUC Campus Area\nBerkeley, CA 94720", "review_count": 74, "photo_url": "http://s3-media3.ak.yelpcdn.com/bphoto/l3QtNp46L7u7LILGmT8aBg/ms.jpg", "schools": ["University of California at Berkeley"], "latitude": 37.8695199, "price": 2}
{"open": true, "url": "http://www.yelp.com/biz/taco-truck-berkeley", "longitude": -122.256421, "neighborhoods": ["UC Campus Area"], "business_id": "5FioG81fXr7DKVqfzN8uyQ", "name": "Taco Truck", "categories": ["Mexican", "Restaurants"], "state": "CA", "type": "business", "stars": 4.0, "city": "Berkeley", "full_address": "Telegraph Avenue and Bancroft Way\nUC Campus Area\nBerkeley, CA 94720", "review_count": 19, "photo_url": "http://s3-media1.ak.yelpcdn.com/bphoto/8ViThGUYgMq0ZIcGw3gOKw/ms.jpg", "schools": ["University of California at Berkeley"], "latitude": 37.869201, "price": 1}
{"open": true, "url": "http://www.yelp.com/biz/punjabi-by-nature-berkeley", "longitude": -122.2658691, "neighborhoods": ["Downtown Berkeley", "UC Campus Area"], "business_id": "_jg2zJPu7iNI0Ct0XNN3YQ", "name": "Punjabi By Nature", "categories": ["Pakistani", "Indian", "Restaurants"], "state": "CA", "type": "business", "stars": 3.0, "city": "Berkeley", "full_address": "2136 Oxford St\nDowntown Berkeley\nBerkeley, CA 94701", "review_count": 120, "photo_url": "http://s3-media2.ak.yelpcdn.com/bphoto/zDhR65nRicsGU2uDodvAog/ms.jpg", "schools": ["University of California at Berkeley"], "latitude": 37.8701853, "price": 2}
{"open": true, "url": "http://www.yelp.com/biz/gordo-taqueria-berkeley-2", "longitude": -122.2588129, "neighborhoods": ["Telegraph Ave", "UC Campus Area"], "business_id": "s3aJzSKD-tBGR0MNGw_sDw", "name": "Gordo Taqueria", "categories": ["Mexican", "Restaurants"], "state": "CA", "type": "business", "stars": 3.5, "city": "Berkeley", "full_address": "2404 Telegraph Ave\nTelegraph Ave\nBerkeley, CA 94702", "review_count": 112, "photo_url": "http://s3-media3.ak.yelpcdn.com/bphoto/te2O5Y1SjVPdz9u8DiiiFQ/ms.jpg", "schools": ["University of California at Berkeley"], "latitude": 37.86684, "price": 2}
{"open": true, "url": "http://www.yelp.com/biz/cal-gyro-mediterranean-berkeley", "longitude": -122.258034, "neighborhoods": ["Telegraph Ave", "UC Campus Area"], "business_id": "qgEx4cus-f9vgc5aBFJ8fQ", "name": "Cal Gyro Mediterranean", "categories": ["Mediterranean", "Restaurants"], "state": "CA", "type": "business", "stars": 3.0, "city": "Berkeley", "full_address": "2519 Durant Ave\nSte C\nTelegraph Ave\nBerkeley, CA 94704", "review_count": 24, "photo_url": "http://s3-media1.ak.yelpcdn.com/bphoto/Q1XfBhRg1FWhzcNMwtadlg/ms.jpg", "schools": ["University of California at Berkeley"], "latitude": 37.868212, "price": 1}
{"open": true, "url": "http://www.yelp.com/biz/suya-african-caribbean-grill-berkeley", "longitude": -122.2658652, "neighborhoods": ["Downtown Berkeley", "UC Campus Area"], "business_id": "UZw6rwsRE2mXp0dfHLtHRg", "name": "Suya African Caribbean Grill", "categories": ["African", "Caribbean", "Restaurants"], "state": "CA", "type": "business", "stars": 3.5, "city": "Berkeley", "full_address": "2130 Oxford St\nDowntown Berkeley\nBerkeley, CA 94704", "review_count": 27, "photo_url": "http://s3-media3.ak.yelpcdn.com/bphoto/AefhKEvZnL4Ehx1qo3ImdQ/ms.jpg", "schools": ["University of California at Berkeley"], "latitude": 37.8703067, "price": 1}
{"open": true, "url": "http://www.yelp.com/biz/urbann-turbann-berkeley-2", "longitude": -122.2602072, "neighborhoods": ["UC Campus Area"], "business_id": "-t6JanEk_V6VzctlTyr6eA", "name": "Urbann Turbann", "categories": ["Fast Food", "Indian", "Restaurants"], "state": "CA", "type": "business", "stars": 4.0, "city": "Berkeley", "full_address": "1870 Euclid Ave\nUC Campus Area\nBerkeley, CA 94709", "review_count": 198, "photo_url": "http://s3-media4.ak.yelpcdn.com/bphoto/7v70qoi1Ny48jRu1YoQ8Pg/ms.jpg", "schools": ["University of California at Berkeley"], "latitude": 37.8752855, "price": 2}
{"open": true, "url": "http://www.yelp.com/biz/pappys-grill-and-sports-bar-berkeley-2", "longitude": -122.2588366, "neighborhoods": ["Telegraph Ave", "UC Campus Area"], "business_id": "W_14XPx-En1MmvaZykjxpQ", "name": "Pappy's Grill & Sports Bar", "categories": ["Bars", "Nightlife", "Restaurants", "Sports Bars", "Barbeque", "Sandwiches"], "state": "CA", "type": "business", "stars": 2.5, "city": "Berkeley", "full_address": "2367 Telegraph Ave\nTelegraph Ave\nBerkeley, CA 94704", "review_count": 56, "photo_url": "http://s3-media1.ak.yelpcdn.com/bphoto/0pGiyp0yotd2rtd2pF58uA/ms.jpg", "schools": ["University of California at Berkeley"], "latitude": 37.8674301, "price": 2}
{"open": true, "url": "http://www.yelp.com/biz/cafe-rio-berkeley", "longitude": -122.2666688, "neighborhoods": ["Downtown Berkeley", "UC Campus Area"], "business_id": "ozmMymxyx_EPnCGlIGe1lw", "name": "Cafe Rio", "categories": ["Food", "Delis", "Coffee & Tea", "Convenience Stores", "Restaurants"], "state": "CA", "type": "business", "stars": 3.0, "city": "Berkeley", "full_address": "2146 Center St\nDowntown Berkeley\nBerkeley, CA 94704", "review_count": 26, "photo_url": "http://s3-media3.ak.yelpcdn.com/bphoto/ByvimkcwVRGItrL8CXheIg/ms.jpg", "schools": ["University of California at Berkeley"], "latitude": 37.8704977, "price": 2}
{"open": true, "url": "http://www.yelp.com/biz/d-yar-berkeley", "longitude": -122.2585448, "neighborhoods": ["Telegraph Ave", "UC Campus Area"], "business_id": "WaxhDYWQmZ1FGM2ChY7_2Q", "name": "D'Yar", "categories": ["Mediterranean", "Restaurants"], "state": "CA", "type": "business", "stars": 3.5, "city": "Berkeley", "full_address": "2511 Durant Ave\nTelegraph Ave\nBerkeley, CA 94704", "review_count": 138, "photo_url": "http://s3-media2.ak.yelpcdn.com/bphoto/6gkkJgYtO6cDRDltYrRkwg/ms.jpg", "schools": ["University of California at Berkeley"], "latitude": 37.8678828, "price": 1}
{"open": true, "url": "http://www.yelp.com/biz/aki-japanese-restaurant-berkeley", "longitude": -122.2598181, "neighborhoods": ["UC Campus Area"], "business_id": "a4QUSAFVvTu7Gv0oegzbXQ", "name": "Aki Japanese Restaurant", "categories": ["Japanese", "Restaurants"], "state": "CA", "type": "business", "stars": 3.0, "city": "Berkeley", "full_address": "2505 Hearst Ave\nSte C\nUC Campus Area\nBerkeley, CA 94709", "review_count": 37, "photo_url": "http://s3-media1.ak.yelpcdn.com/bphoto/IaFpY8fM9dSYMYgEIFHB5w/ms.jpg", "schools": ["University of California at Berkeley"], "latitude": 37.8751965, "price": 2}
{"open": true, "url": "http://www.yelp.com/biz/top-dog-berkeley", "longitude": -122.2574328, "neighborhoods": ["Telegraph Ave", "UC Campus Area"], "business_id": "qHmamQPCAKkia9X0uryA8g", "name": "Top Dog", "categories": ["Restaurants", "Hot Dogs"], "state": "CA", "type": "business", "stars": 4.5, "city": "Berkeley", "full_address": "2534 Durant Ave\nTelegraph Ave\nBerkeley, CA 94704", "review_count": 1270, "photo_url": "http://s3-media4.ak.yelpcdn.com/bphoto/nFfca2I2F0Az2JmGQmAipg/ms.jpg", "schools": ["University of California at Berkeley"], "latitude": 37.8678945, "price": 1}
{"open": true, "url": "http://www.yelp.com/biz/blondies-pizza-berkeley", "longitude": -122.2591966, "neighborhoods": ["Telegraph Ave", "UC Campus Area"], "business_id": "WqAtgHTxgS-B8J6iHc4eeA", "name": "Blondie's Pizza", "categories": ["Pizza", "Restaurants"], "state": "CA", "type": "business", "stars": 3.5, "city": "Berkeley", "full_address": "2340 Telegraph Ave\nTelegraph Ave\nBerkeley, CA 94704", "review_count": 358, "photo_url": "http://s3-media2.ak.yelpcdn.com/bphoto/iWd8lAs3zRv3KsaOukJT6w/ms.jpg", "schools": ["University of California at Berkeley"], "latitude": 37.8680339, "price": 1}
{"open": true, "url": "http://www.yelp.com/biz/the-sunny-side-caf%C3%A9-berkeley-2", "longitude": -122.2658691, "neighborhoods": ["Downtown Berkeley", "UC Campus Area"], "business_id": "PC-x4Om-XXGqFn0ludTykw", "name": "The Sunny Side Caf\u00e9", "categories": ["Breakfast & Brunch", "Restaurants"], "state": "CA", "type": "business", "stars": 3.5, "city": "Berkeley", "full_address": "2136 Oxford St\nDowntown Berkeley\nBerkeley, CA 94704", "review_count": 175, "photo_url": "http://s3-media3.ak.yelpcdn.com/bphoto/NMgMutTLuSShNGQYt9NRJQ/ms.jpg", "schools": ["University of California at Berkeley"], "latitude": 37.8701853, "price": 3}
{"open": true, "url": "http://www.yelp.com/biz/sams-market-berkeley", "longitude": -122.259359, "neighborhoods": ["Telegraph Ave", "UC Campus Area"], "business_id": "AGHq9c6BgxBWwnasdCYPQQ", "name": "Sam's Market", "categories": ["Food", "Beer, Wine & Spirits", "Grocery", "Sandwiches", "Restaurants"], "state": "CA", "type": "business", "stars": 4.0, "city": "Berkeley", "full_address": "2312 Telegraph Ave\nTelegraph Ave\nBerkeley, CA 94701", "review_count": 78, "photo_url": "http://s3-media4.ak.yelpcdn.com/bphoto/d-Th2U-VmmUzDwxlxgkEVg/ms.jpg", "schools": ["University of California at Berkeley"], "latitude": 37.868292, "price": 1}
{"open": true, "url": "http://www.yelp.com/biz/joshu-ya-brasserie-berkeley-3", "longitude": -122.2593812, "neighborhoods": ["Telegraph Ave", "UC Campus Area"], "business_id": "sxIPX4ZAipVl3ZCkkqXqZw", "name": "Joshu-Ya Brasserie", "categories": ["Sushi Bars", "Restaurants"], "state": "CA", "type": "business", "stars": 4.0, "city": "Berkeley", "full_address": "2441 Dwight Way\nTelegraph Ave\nBerkeley, CA 94704", "review_count": 143, "photo_url": "http://s3-media3.ak.yelpcdn.com/bphoto/YO9VEDg2pGLtHxA4g7hrtQ/ms.jpg", "schools": ["University of California at Berkeley"], "latitude": 37.8652343, "price": 4}
{"open": true, "url": "http://www.yelp.com/biz/smart-alecs-intelligent-food-berkeley", "longitude": -122.2589892, "neighborhoods": ["Telegraph Ave", "UC Campus Area"], "business_id": "Q0j0-u8WHHczEg5c9DPQKg", "name": "Smart Alec's Intelligent Food", "categories": ["Burgers", "Sandwiches", "Restaurants"], "state": "CA", "type": "business", "stars": 3.5, "city": "Berkeley", "full_address": "2355 Telegraph Ave\nTelegraph Ave\nBerkeley, CA 94704", "review_count": 553, "photo_url": "http://s3-media1.ak.yelpcdn.com/bphoto/mvRlBcAO6b97L1Dw7xIr9g/ms.jpg", "schools": ["University of California at Berkeley"], "latitude": 37.8677549, "price": 2}
{"open": true, "url": "http://www.yelp.com/biz/planet-kebob-and-cafe-berkeley", "longitude": -122.2599315, "neighborhoods": ["Telegraph Ave", "UC Campus Area"], "business_id": "Ptnj8232ciZyaKAdDIhpdg", "name": "Planet Kebob & Cafe", "categories": ["Persian/Iranian", "Cafes", "Mediterranean", "Restaurants"], "state": "CA", "type": "business", "stars": 4.5, "city": "Berkeley", "full_address": "2431 A  Durant Ave\nTelegraph Ave\nBerkeley, CA 94704", "review_count": 8, "photo_url": "http://s3-media1.ak.yelpcdn.com/bphoto/TlgDR0OeiB-IywL-9bqUqg/ms.jpg", "schools": ["University of California at Berkeley"], "latitude": 37.8678328, "price": 1}
{"open": true, "url": "http://www.yelp.com/biz/the-melt-berkeley-berkeley", "longitude": -122.2589718, "neighborhoods": ["Telegraph Ave", "UC Campus Area"], "business_id": "fZVvW32FiUCGNckbBjw-qw", "name": "The Melt Berkeley", "categories": ["American (New)", "Restaurants"], "state": "CA", "type": "business", "stars": 3.0, "city": "Berkeley", "full_address": "2400 Telegraph Ave\nTelegraph Ave\nBerkeley, CA 94704", "review_count": 33, "photo_url": "http://s3-media4.ak.yelpcdn.com/bphoto/Z3LHo26L57Xiuyw9EnX_iQ/ms.jpg", "schools": ["University of California at Berkeley"], "latitude": 37.8668273, "price": 2}
{"open": true, "url": "http://www.yelp.com/biz/satay-house-berkeley", "longitude": -122.2580885, "neighborhoods": ["Telegraph Ave", "UC Campus Area"], "business_id": "zzFi7Z-pejLJtyg-SiGI5g", "name": "Satay House", "categories": ["Thai", "Restaurants"], "state": "CA", "type": "business", "stars": 4.0, "city": "Berkeley", "full_address": "2519 Durant Ave\nSte B\nTelegraph Ave\nBerkeley, CA 94704", "review_count": 6, "photo_url": "http://s3-media3.ak.yelpcdn.com/bphoto/jRjjXhEPK_sPNQ7N4x4ytw/ms.jpg", "schools": ["University of California at Berkeley"], "latitude": 37.868144, "price": 1}
{"open": true, "url": "http://www.yelp.com/biz/manhattan-roast-and-grill-berkeley", "longitude": -122.2582175, "neighborhoods": ["Telegraph Ave", "UC Campus Area"], "business_id": "WSTdK7y1ZDw9JU3NUpFj7g", "name": "Manhattan Roast & Grill", "categories": ["American (New)", "Sandwiches", "Restaurants"], "state": "CA", "type": "business", "stars": 3.5, "city": "Berkeley", "full_address": "2518-A Durant Ave\nTelegraph Ave\nBerkeley, CA 94704", "review_count": 49, "photo_url": "http://s3-media1.ak.yelpcdn.com/bphoto/B5btm0moZHRjYH64RqitJg/ms.jpg", "schools": ["University of California at Berkeley"], "latitude": 37.8677609, "price": 2}
{"open": true, "url": "http://www.yelp.com/biz/chang-luong-restaurant-berkeley", "longitude": -122.2582906, "neighborhoods": ["Telegraph Ave", "UC Campus Area"], "business_id": "_mv3DhRD3L3okFXYjxX_Cg", "name": "Chang Luong Restaurant", "categories": ["Dim Sum", "Chinese", "Restaurants"], "state": "CA", "type": "business", "stars": 2.5, "city": "Berkeley", "full_address": "2517 Durant Ave\nSte D 2nd Fl\nTelegraph Ave\nBerkeley, CA 94704", "review_count": 66, "photo_url": "http://s3-media3.ak.yelpcdn.com/bphoto/cM3Nuc5KnRB1vleYyIN1jg/ms.jpg", "schools": ["University of California at Berkeley"], "latitude": 37.8680415, "price": 1}
{"open": true, "url": "http://www.yelp.com/biz/celias-mexican-catering-berkeley", "longitude": -122.259984, "neighborhoods": ["UC Campus Area"], "business_id": "P2XKcDLVHUuOdGNBQtMFRQ", "name": "Celia's Mexican Catering", "categories": ["Specialty Food", "Ethnic Food", "Mexican", "Food", "Restaurants"], "state": "CA", "type": "business", "stars": 4.5, "city": "Berkeley", "full_address": "1841 Euclid Ave\nUC Campus Area\nBerkeley, CA 94709", "review_count": 6, "photo_url": "http://s3-media4.ak.yelpcdn.com/bphoto/6gZoxzZY-hZEBqZ-oUt7BQ/ms.jpg", "schools": ["University of California at Berkeley"], "latitude": 37.8755809, "price": 3}
{"open": true, "url": "http://www.yelp.com/biz/the-pho-bar-berkeley", "longitude": -122.2602704, "neighborhoods": ["UC Campus Area"], "business_id": "ZmYIPv4XQQ2bT4dgl6ezzA", "name": "The Pho Bar", "categories": ["Restaurants", "Vietnamese"], "state": "CA", "type": "business", "stars": 3.0, "city": "Berkeley", "full_address": "1828 Euclid Ave\nUC Campus Area\nBerkeley, CA 94709", "review_count": 93, "photo_url": "http://s3-media3.ak.yelpcdn.com/bphoto/-fwpjcFhKvH6z7p3gen2Sw/ms.jpg", "schools": ["University of California at Berkeley"], "latitude": 37.8756137, "price": 3}
{"open": true, "url": "http://www.yelp.com/biz/koko-express-berkeley", "longitude": -122.2597653, "neighborhoods": ["Telegraph Ave", "UC Campus Area"], "business_id": "1dS4wRFdtbPRy3tHezpNQg", "name": "KoKo Express", "categories": ["Burgers", "American (Traditional)", "Fast Food", "Restaurants"], "state": "CA", "type": "business", "stars": 3.0, "city": "Berkeley", "full_address": "2433F Durant Ave\nTelegraph Ave\nBerkeley, CA 94701", "review_count": 3, "photo_url": "http://s3-media1.ak.yelpcdn.com/assets/2/www/img/924a6444ca6c/gfx/blank_biz_medium.gif", "schools": ["University of California at Berkeley"], "latitude": 37.8677755, "price": 2}
{"open": true, "url": "http://www.yelp.com/biz/crossroads-berkeley", "longitude": -122.2563918, "neighborhoods": ["Telegraph Ave", "UC Campus Area"], "business_id": "X2gKwUYR1CQ51XCpKU1_gQ", "name": "Crossroads", "categories": ["Buffets", "Sandwiches", "Restaurants"], "state": "CA", "type": "business", "stars": 3.0, "city": "Berkeley", "full_address": "2415 Bowditch St\nTelegraph Ave\nBerkeley, CA 94701", "review_count": 53, "photo_url": "http://s3-media3.ak.yelpcdn.com/bphoto/QNF7aAkMZxdIUFr1cX-LzQ/ms.jpg", "schools": ["University of California at Berkeley"], "latitude": 37.8666266, "price": 1}
{"open": true, "url": "http://www.yelp.com/biz/gypsys-trattoria-italiano-berkeley", "longitude": -122.2581241, "neighborhoods": ["Telegraph Ave", "UC Campus Area"], "business_id": "Kq6uUzRw-iaqe4p7cLLmBQ", "name": "Gypsy's Trattoria Italiano", "categories": ["Italian", "Restaurants"], "state": "CA", "type": "business", "stars": 4.0, "city": "Berkeley", "full_address": "2519 Durant Ave\nSte A\nTelegraph Ave\nBerkeley, CA 94704", "review_count": 646, "photo_url": "http://s3-media4.ak.yelpcdn.com/bphoto/ElwrHiFgpkmIvwIwZN32SA/ms.jpg", "schools": ["University of California at Berkeley"], "latitude": 37.8680259, "price": 2}
{"open": true, "url": "http://www.yelp.com/biz/house-of-curries-berkeley-2", "longitude": -122.257913, "neighborhoods": ["Telegraph Ave", "UC Campus Area"], "business_id": "QfpwAp53h_DIfzph0IMIbQ", "name": "House of Curries", "categories": ["Pakistani", "Indian", "Restaurants"], "state": "CA", "type": "business", "stars": 3.5, "city": "Berkeley", "full_address": "2520 Durant Ave\nTelegraph Ave\nBerkeley, CA 94704", "review_count": 303, "photo_url": "http://s3-media2.ak.yelpcdn.com/bphoto/TMnV2DYDv6zqzbbiOPMOmw/ms.jpg", "schools": ["University of California at Berkeley"], "latitude": 37.8678087, "price": 2}
{"open": true, "url": "http://www.yelp.com/biz/julies-healthy-cafe-berkeley", "longitude": -122.2576502, "neighborhoods": ["Telegraph Ave", "UC Campus Area"], "business_id": "X_F53ZyIQT3Y2iSvWRLXEQ", "name": "Julie's Healthy Cafe", "categories": ["Food", "Bakeries", "Turkish", "Restaurants"], "state": "CA", "type": "business", "stars": 2.5, "city": "Berkeley", "full_address": "2562 Bancroft Way\nTelegraph Ave\nBerkeley, CA 94704", "review_count": 67, "photo_url": "http://s3-media1.ak.yelpcdn.com/bphoto/a1UE1fKCPcIVZpw4lImIzg/ms.jpg", "schools": ["University of California at Berkeley"], "latitude": 37.8689097, "price": 2}
{"open": true, "url": "http://www.yelp.com/biz/sweetheart-cafe-berkeley", "longitude": -122.2579199, "neighborhoods": ["Telegraph Ave", "UC Campus Area"], "business_id": "j9tMEV719PzFcc_wp8mzlw", "name": "Sweetheart Cafe", "categories": ["Food", "Burgers", "Coffee & Tea", "Restaurants"], "state": "CA", "type": "business", "stars": 3.5, "city": "Berkeley", "full_address": "2523 Durant Ave\nTelegraph Ave\nBerkeley, CA 94704", "review_count": 338, "photo_url": "http://s3-media4.ak.yelpcdn.com/bphoto/kUeeBL48D6GuH1e8NyBzaw/ms.jpg", "schools": ["University of California at Berkeley"], "latitude": 37.8681116, "price": 1}
{"open": true, "url": "http://www.yelp.com/biz/cafe-espresso-experience-berkeley", "longitude": -122.2606426, "neighborhoods": ["Telegraph Ave", "UC Campus Area"], "business_id": "gYbX_IfkzWme4ItyXb_lgw", "name": "Cafe Espresso Experience", "categories": ["Food", "Coffee & Tea", "Sandwiches", "Restaurants"], "state": "CA", "type": "business", "stars": 4.0, "city": "Berkeley", "full_address": "2440 Bancroft Way\nTelegraph Ave\nBerkeley, CA 94704", "review_count": 136, "photo_url": "http://s3-media1.ak.yelpcdn.com/bphoto/Yn8jvkbGnwiTy02j-Cf_TA/ms.jpg", "schools": ["University of California at Berkeley"], "latitude": 37.8684351, "price": 1}
{"open": true, "url": "http://www.yelp.com/biz/cafe-durant-berkeley", "longitude": -122.2583343, "neighborhoods": ["Telegraph Ave", "UC Campus Area"], "business_id": "BOCJ5g4q1RhP8wikwwr3Ow", "name": "Cafe Durant", "categories": ["Breakfast & Brunch", "American (Traditional)", "Mexican", "Restaurants"], "state": "CA", "type": "business", "stars": 3.5, "city": "Berkeley", "full_address": "2517 Durant Ave\nSte C\nTelegraph Ave\nBerkeley, CA 94704", "review_count": 233, "photo_url": "http://s3-media1.ak.yelpcdn.com/bphoto/ngW3u47q-rmJacKI0g196g/ms.jpg", "schools": ["University of California at Berkeley"], "latitude": 37.8680114, "price": 2}
{"open": true, "url": "http://www.yelp.com/biz/mediterraneam-caffe-berkeley", "longitude": -122.258338, "neighborhoods": ["Telegraph Ave", "UC Campus Area"], "business_id": "x-XYM7yiS8SMOAZ11DrKTw", "name": "Mediterraneam Caffe", "categories": ["Mediterranean", "Restaurants"], "state": "CA", "type": "business", "stars": 3.5, "city": "Berkeley", "full_address": "2475 Telegraph Ave\nTelegraph Ave\nBerkeley, CA 94704", "review_count": 13, "photo_url": "http://s3-media1.ak.yelpcdn.com/bphoto/9ncGbEf6_UUw8ZnEWBHyHQ/ms.jpg", "schools": ["University of California at Berkeley"], "latitude": 37.865614, "price": 1}
{"open": true, "url": "http://www.yelp.com/biz/caffe-mediterraneum-berkeley", "longitude": -122.2584692, "neighborhoods": ["Telegraph Ave", "UC Campus Area"], "business_id": "DTCjTHOKLWG1laMx5T3KhA", "name": "Caffe Mediterraneum", "categories": ["Food", "Coffee & Tea", "Restaurants"], "state": "CA", "type": "business", "stars": 3.5, "city": "Berkeley", "full_address": "2475 Telegraph Ave\nTelegraph Ave\nBerkeley, CA 94704", "review_count": 134, "photo_url": "http://s3-media2.ak.yelpcdn.com/bphoto/Uhd3DMeJH3Ls9onI6wGNEA/ms.jpg", "schools": ["University of California at Berkeley"], "latitude": 37.8655821, "price": 1}
{"open": true, "url": "http://www.yelp.com/biz/fat-slice-pizza-berkeley", "longitude": -122.258583, "neighborhoods": ["Telegraph Ave", "UC Campus Area"], "business_id": "uNumMb-5qNiVzW6T32Uiag", "name": "Fat Slice Pizza", "categories": ["Pizza", "Restaurants"], "state": "CA", "type": "business", "stars": 3.5, "city": "Berkeley", "full_address": "2375 Telegraph Ave\nTelegraph Ave\nBerkeley, CA 94704", "review_count": 392, "photo_url": "http://s3-media3.ak.yelpcdn.com/bphoto/yQ8xu8Cx4KM3SEfePEad_A/ms.jpg", "schools": ["University of California at Berkeley"], "latitude": 37.867209, "price": 1}
{"open": true, "url": "http://www.yelp.com/biz/viet-nam-village-restaurant-berkeley", "longitude": -122.2580151, "neighborhoods": ["Telegraph Ave", "UC Campus Area"], "business_id": "AfJCoI9vYrj1lnhlNhZdfw", "name": "Viet Nam Village Restaurant", "categories": ["Restaurants", "Vietnamese"], "state": "CA", "type": "business", "stars": 3.5, "city": "Berkeley", "full_address": "2521 Durant Ave\nTelegraph Ave\nBerkeley, CA 94704", "review_count": 92, "photo_url": "http://s3-media1.ak.yelpcdn.com/bphoto/u3KBJd7u2SakpdknaFr1lQ/ms.jpg", "schools": ["University of California at Berkeley"], "latitude": 37.8680531, "price": 2}
{"open": true, "url": "http://www.yelp.com/biz/coffee-source-berkeley", "longitude": -122.2587734, "neighborhoods": ["Telegraph Ave", "UC Campus Area"], "business_id": "WDwiA7-8N7MgTYZr5CbMIw", "name": "Coffee Source", "categories": ["Restaurants"], "state": "CA", "type": "business", "stars": 2.0, "city": "Berkeley", "full_address": "2404 Telegraph Avenue\nTelegraph Ave\nBerkeley, CA 94704", "review_count": 2, "photo_url": "http://s3-media1.ak.yelpcdn.com/assets/2/www/img/924a6444ca6c/gfx/blank_biz_medium.gif", "schools": ["University of California at Berkeley"], "latitude": 37.8668408, "price": 1}
{"open": true, "url": "http://www.yelp.com/biz/chipotle-mexican-grill-berkeley-4", "longitude": -122.2590498, "neighborhoods": ["Telegraph Ave", "UC Campus Area"], "business_id": "tzRNk1hqooBV3i-Q_yKP7g", "name": "Chipotle Mexican Grill", "categories": ["Fast Food", "Mexican", "Restaurants"], "state": "CA", "type": "business", "stars": 3.0, "city": "Berkeley", "full_address": "2311 Telegraph Ave\nTelegraph Ave\nBerkeley, CA 94704", "review_count": 190, "photo_url": "http://s3-media1.ak.yelpcdn.com/bphoto/xOTrsHOnDHi4flRHUp9DOA/ms.jpg", "schools": ["University of California at Berkeley"], "latitude": 37.8683664, "price": 2}
{"open": true, "url": "http://www.yelp.com/biz/bongo-burger-berkeley", "longitude": -122.266394, "neighborhoods": ["Downtown Berkeley", "UC Campus Area"], "business_id": "8PE1KtG_ZMxcgqCseHhmLA", "name": "Bongo Burger", "categories": ["Burgers", "Fast Food", "Restaurants"], "state": "CA", "type": "business", "stars": 3.5, "city": "Berkeley", "full_address": "2154 Center St\nDowntown Berkeley\nBerkeley, CA 94704", "review_count": 110, "photo_url": "http://s3-media1.ak.yelpcdn.com/bphoto/UId6oSl_N8aNCmzfj2LRSA/ms.jpg", "schools": ["University of California at Berkeley"], "latitude": 37.870404, "price": 1}
{"open": true, "url": "http://www.yelp.com/biz/san-francisco-soup-company-berkeley-2", "longitude": -122.258869, "neighborhoods": ["Telegraph Ave", "UC Campus Area"], "business_id": "elt6nbq4fRcCn7Enk6e7Tw", "name": "San Francisco Soup Company", "categories": ["Soup", "Sandwiches", "Restaurants"], "state": "CA", "type": "business", "stars": 3.5, "city": "Berkeley", "full_address": "2512 Bancroft Way\nTelegraph Ave\nBerkeley, CA 94704", "review_count": 112, "photo_url": "http://s3-media1.ak.yelpcdn.com/bphoto/qkP5RnByL9QmZALCamesDA/ms.jpg", "schools": ["University of California at Berkeley"], "latitude": 37.868755, "price": 2}
{"open": true, "url": "http://www.yelp.com/biz/la-fiesta-mexican-restaurant-berkeley", "longitude": -122.25802, "neighborhoods": ["Telegraph Ave", "UC Campus Area"], "business_id": "zqcTeWwRe7HjbwDaWJGjCw", "name": "La Fiesta Mexican Restaurant", "categories": ["Mexican", "Restaurants"], "state": "CA", "type": "business", "stars": 4.0, "city": "Berkeley", "full_address": "2506 Haste Street\nTelegraph Ave\nBerkeley, CA 94704", "review_count": 6, "photo_url": "http://s3-media4.ak.yelpcdn.com/bphoto/Oc_K478igogZHKwvBjBc8g/ms.jpg", "schools": ["University of California at Berkeley"], "latitude": 37.865831, "price": 1}
